-- phpMyAdmin SQL Dump
-- version 4.9.0.1
-- https://www.phpmyadmin.net/
--
-- Servidor: 127.0.0.1
-- Tiempo de generación: 04-06-2021 a las 17:41:40
-- Versión del servidor: 10.4.6-MariaDB
-- Versión de PHP: 7.3.9

SET SQL_MODE = "NO_AUTO_VALUE_ON_ZERO";
SET AUTOCOMMIT = 0;
START TRANSACTION;
SET time_zone = "+00:00";


/*!40101 SET @OLD_CHARACTER_SET_CLIENT=@@CHARACTER_SET_CLIENT */;
/*!40101 SET @OLD_CHARACTER_SET_RESULTS=@@CHARACTER_SET_RESULTS */;
/*!40101 SET @OLD_COLLATION_CONNECTION=@@COLLATION_CONNECTION */;
/*!40101 SET NAMES utf8mb4 */;

--
-- Base de datos: `openevents`
--

-- --------------------------------------------------------

--
-- Estructura de tabla para la tabla `assistance`
--

CREATE TABLE `assistance` (
  `user_id` int(10) UNSIGNED NOT NULL,
  `event_id` int(10) UNSIGNED NOT NULL,
  `puntuation` int(1) UNSIGNED NOT NULL,
  `comentary` text DEFAULT NULL
) ENGINE=InnoDB DEFAULT CHARSET=latin1;

--
-- Volcado de datos para la tabla `assistance`
--

INSERT INTO `assistance` (`user_id`, `event_id`, `puntuation`, `comentary`) VALUES
(1, 48, 2, 'duis bibendum felis sed interdum venenatis turpis enim blandit mi'),
(2, 16, 5, 'in tempor turpis nec euismod'),
(2, 22, 4, 'ante ipsum primis in faucibus orci luctus et ultrices'),
(2, 89, 3, 'suspendisse potenti in eleifend quam'),
(3, 10, 5, 'nisl nunc nisl duis bibendum felis sed interdum venenatis turpis'),
(3, 93, 2, 'in hac habitasse platea dictumst etiam faucibus'),
(5, 94, 5, 'augue vestibulum ante ipsum primis'),
(6, 95, 5, 'ipsum primis in faucibus orci luctus et'),
(8, 6, 3, 'praesent lectus vestibulum quam sapien varius ut blandit non interdum in ante vestibulum'),
(8, 22, 2, 'felis sed lacus morbi sem mauris laoreet ut rhoncus aliquet pulvinar sed nisl nunc'),
(9, 82, 1, 'vestibulum sed magna at'),
(11, 3, 4, 'pulvinar lobortis est phasellus sit amet erat nulla tempus vivamus in felis eu sapien cursus'),
(13, 29, 2, 'interdum in ante vestibulum ante ipsum primis in faucibus orci luctus et ultrices posuere'),
(13, 78, 4, 'erat tortor sollicitudin mi sit amet lobortis sapien sapien non mi integer ac neque duis'),
(15, 57, 1, 'platea dictumst etiam faucibus'),
(15, 72, 2, 'sed magna at'),
(17, 50, 2, 'id lobortis convallis tortor risus dapibus'),
(18, 2, 4, 'dapibus duis at velit eu est'),
(18, 14, 5, 'condimentum id luctus nec molestie sed justo pellentesque'),
(18, 23, 4, 'semper sapien a libero nam dui proin leo'),
(18, 69, 5, 'duis faucibus accumsan odio curabitur convallis duis consequat dui'),
(19, 10, 2, 'ipsum dolor sit amet consectetuer adipiscing elit proin risus'),
(20, 11, 1, 'varius nulla facilisi cras non velit nec nisi vulputate nonummy maecenas tincidunt lacus at velit'),
(24, 52, 1, 'non velit nec'),
(24, 90, 4, 'sem fusce consequat nulla nisl nunc nisl duis bibendum felis'),
(25, 28, 1, 'pede posuere nonummy integer non velit donec diam'),
(26, 80, 4, 'sit amet nunc viverra dapibus nulla suscipit ligula in lacus curabitur at ipsum'),
(27, 14, 1, 'mauris non ligula pellentesque ultrices phasellus id sapien in sapien'),
(28, 30, 5, 'ut nunc vestibulum ante ipsum primis in faucibus orci luctus'),
(29, 1, 5, 'ipsum dolor sit amet consectetuer adipiscing elit proin interdum'),
(31, 80, 1, 'etiam justo etiam pretium iaculis justo in hac habitasse platea dictumst'),
(39, 31, 4, 'mauris viverra diam vitae quam suspendisse potenti nullam porttitor lacus at'),
(39, 33, 5, 'odio elementum eu interdum eu tincidunt in leo maecenas'),
(39, 61, 4, 'non mauris morbi non lectus aliquam sit amet diam in magna bibendum imperdiet nullam'),
(40, 55, 2, 'rutrum neque aenean auctor gravida sem praesent id massa id'),
(42, 65, 5, 'odio justo sollicitudin ut suscipit a feugiat et'),
(43, 40, 5, 'tempus semper est quam pharetra magna ac consequat metus sapien'),
(43, 54, 5, 'curabitur gravida nisi at nibh in hac habitasse platea dictumst aliquam augue quam sollicitudin vitae'),
(44, 69, 5, 'felis eu sapien cursus vestibulum'),
(45, 2, 5, 'maecenas rhoncus aliquam lacus morbi quis tortor id nulla ultrices'),
(47, 22, 5, 'quam turpis adipiscing lorem vitae mattis nibh ligula nec sem'),
(47, 77, 1, 'in consequat ut nulla sed accumsan felis'),
(47, 88, 5, 'potenti in eleifend quam a'),
(48, 61, 5, 'justo eu massa donec dapibus duis at velit eu est congue elementum'),
(48, 92, 1, 'vivamus vel nulla eget eros elementum pellentesque quisque porta volutpat erat quisque erat eros'),
(50, 34, 2, 'nulla pede ullamcorper augue'),
(50, 59, 5, 'dolor morbi vel lectus in quam'),
(51, 66, 1, 'posuere metus vitae ipsum aliquam non mauris'),
(54, 9, 3, 'integer pede justo lacinia eget tincidunt eget tempus vel pede morbi porttitor lorem id ligula'),
(54, 43, 5, 'et magnis dis parturient montes nascetur ridiculus mus vivamus vestibulum sagittis sapien cum'),
(54, 88, 2, 'cum sociis natoque'),
(57, 32, 1, 'suspendisse ornare consequat lectus in est risus auctor sed tristique in tempus'),
(57, 41, 5, 'accumsan odio curabitur convallis'),
(57, 64, 2, 'massa id nisl venenatis lacinia aenean sit amet'),
(57, 91, 2, 'risus dapibus augue vel accumsan tellus nisi eu orci mauris lacinia sapien quis libero'),
(59, 26, 2, 'faucibus orci luctus et ultrices posuere cubilia curae'),
(60, 47, 5, 'curae donec pharetra magna vestibulum aliquet ultrices erat tortor sollicitudin mi sit'),
(61, 10, 2, 'congue risus semper porta volutpat'),
(62, 11, 4, 'aenean auctor gravida sem'),
(63, 13, 1, 'nec euismod scelerisque quam turpis adipiscing lorem vitae'),
(68, 67, 4, 'ipsum primis in faucibus orci luctus et'),
(68, 90, 3, 'non mauris morbi non lectus aliquam sit amet diam in magna bibendum imperdiet nullam'),
(70, 28, 5, 'pellentesque at nulla suspendisse potenti cras in purus eu magna vulputate luctus cum sociis natoque'),
(70, 72, 5, 'tristique in tempus sit amet sem fusce consequat nulla'),
(71, 48, 5, 'sapien sapien non mi integer'),
(73, 11, 3, 'aliquam erat volutpat in congue etiam justo etiam pretium'),
(73, 60, 4, 'quam pede lobortis ligula sit amet eleifend pede'),
(73, 63, 1, 'massa id nisl venenatis'),
(73, 85, 1, 'nisi at nibh in hac habitasse platea dictumst aliquam augue quam sollicitudin vitae consectetuer'),
(74, 21, 1, 'congue vivamus metus arcu adipiscing molestie hendrerit at vulputate vitae nisl aenean lectus'),
(74, 42, 5, 'non mauris morbi non lectus aliquam sit amet diam'),
(77, 56, 2, 'dapibus nulla suscipit ligula in lacus curabitur at ipsum'),
(77, 67, 1, 'pede justo eu massa donec dapibus duis at'),
(78, 71, 2, 'vehicula consequat morbi a ipsum integer'),
(80, 62, 2, 'quisque erat eros viverra'),
(81, 13, 5, 'eget nunc donec quis orci'),
(81, 80, 4, 'cum sociis natoque penatibus et magnis dis parturient montes nascetur'),
(82, 93, 3, 'sed augue aliquam erat volutpat'),
(84, 27, 2, 'pulvinar lobortis est phasellus sit amet erat nulla'),
(85, 5, 1, 'elit proin risus praesent lectus vestibulum quam sapien varius ut blandit non'),
(85, 61, 4, 'maecenas tristique est et tempus semper est quam pharetra'),
(86, 52, 4, 'justo eu massa donec dapibus duis'),
(91, 9, 1, 'consequat morbi a ipsum integer a nibh in quis'),
(92, 9, 5, 'consectetuer eget rutrum'),
(92, 62, 4, 'eu interdum eu tincidunt in leo maecenas pulvinar lobortis est'),
(93, 50, 1, 'viverra dapibus nulla suscipit ligula in lacus curabitur at ipsum ac tellus semper'),
(94, 15, 3, 'hac habitasse platea dictumst etiam faucibus cursus urna ut tellus nulla ut erat id mauris'),
(94, 36, 3, 'magna vestibulum aliquet ultrices erat tortor sollicitudin'),
(94, 76, 3, 'nulla pede ullamcorper augue a suscipit nulla elit'),
(95, 16, 1, 'curae duis faucibus accumsan odio curabitur convallis duis consequat dui nec nisi'),
(95, 61, 2, 'odio odio elementum eu interdum'),
(96, 11, 3, 'consequat morbi a ipsum integer a nibh in quis justo'),
(96, 19, 4, 'convallis eget eleifend'),
(96, 78, 5, 'lacus at turpis donec posuere metus vitae ipsum aliquam non mauris'),
(98, 61, 5, 'laoreet ut rhoncus aliquet pulvinar sed nisl nunc'),
(99, 6, 1, 'sem mauris laoreet ut rhoncus aliquet pulvinar sed nisl nunc'),
(99, 70, 1, 'venenatis lacinia aenean sit amet justo morbi'),
(99, 75, 5, 'ut odio cras mi pede malesuada in imperdiet et commodo vulputate'),
(99, 97, 3, 'lacinia aenean sit amet'),
(100, 90, 4, 'in blandit ultrices enim lorem ipsum dolor sit amet consectetuer adipiscing elit');

-- --------------------------------------------------------

--
-- Estructura de tabla para la tabla `events`
--

CREATE TABLE `events` (
  `id` int(10) UNSIGNED NOT NULL,
  `name` varchar(255) NOT NULL,
  `owner_id` int(10) UNSIGNED NOT NULL,
  `date` datetime NOT NULL DEFAULT current_timestamp(),
  `image` varchar(255) DEFAULT NULL,
  `location` varchar(255) NOT NULL,
  `description` text DEFAULT NULL,
  `eventStart_date` datetime NOT NULL,
  `eventEnd_date` datetime NOT NULL,
  `n_participators` int(10) UNSIGNED NOT NULL,
  `type` varchar(255) NOT NULL
) ENGINE=InnoDB DEFAULT CHARSET=latin1;

--
-- Volcado de datos para la tabla `events`
--

INSERT INTO `events` (`id`, `name`, `owner_id`, `date`, `image`, `location`, `description`, `eventStart_date`, `eventEnd_date`, `n_participators`, `type`) VALUES
(1, 'ut volutpat sapien arcu', 1, '2021-01-23 00:00:00', 'http://dummyimage.com/154x100.png/dddddd/000000', '26 Hoffman Parkway', 'et ultrices posuere cubilia curae duis faucibus accumsan odio curabitur convallis duis consequat dui nec nisi', '2021-08-24 00:00:00', '2022-04-24 00:00:00', 96, 'Fashion'),
(2, 'suspendisse potenti nullam porttitor', 36, '2020-09-11 00:00:00', 'http://dummyimage.com/242x100.png/ff4444/ffffff', '07974 Scoville Junction', 'pede posuere nonummy integer non velit donec diam neque vestibulum eget vulputate ut', '2020-07-04 00:00:00', '2020-08-04 00:00:00', 40, 'Games'),
(3, 'aenean auctor gravida sem praesent', 78, '2021-04-16 00:00:00', 'http://dummyimage.com/112x100.png/ff4444/ffffff', '67908 Drewry Plaza', 'dictumst maecenas ut massa quis augue luctus tincidunt nulla mollis molestie lorem quisque ut', '2020-08-26 00:00:00', '2021-04-05 00:00:00', 84, 'Gastronomy'),
(4, 'et magnis dis parturient montes', 64, '2020-12-02 00:00:00', 'http://dummyimage.com/211x100.png/ff4444/ffffff', '2 Hagan Trail', 'consequat dui nec nisi volutpat eleifend donec ut dolor morbi vel lectus in quam fringilla', '2021-01-08 00:00:00', '2020-12-20 00:00:00', 49, 'Sport'),
(5, 'turpis nec euismod', 14, '2020-09-16 00:00:00', 'http://dummyimage.com/223x100.png/cc0000/ffffff', '8031 Anniversary Crossing', 'vulputate ut ultrices vel augue vestibulum ante ipsum primis in faucibus orci luctus et ultrices posuere cubilia curae donec', '2020-05-31 00:00:00', '2020-11-12 00:00:00', 17, 'Sport'),
(6, 'habitasse platea dictumst', 84, '2020-08-26 00:00:00', 'http://dummyimage.com/144x100.png/cc0000/ffffff', '20 Merrick Avenue', 'sit amet sapien dignissim vestibulum vestibulum ante ipsum primis in', '2020-07-02 00:00:00', '2021-04-03 00:00:00', 72, 'Politic'),
(7, 'vitae quam suspendisse potenti', 87, '2020-08-18 00:00:00', 'http://dummyimage.com/183x100.png/dddddd/000000', '963 Jana Avenue', 'morbi non quam nec dui luctus rutrum nulla tellus in sagittis dui vel nisl duis ac nibh', '2020-07-15 00:00:00', '2020-05-29 00:00:00', 41, 'Tecnology'),
(8, 'sit amet erat', 65, '2020-10-09 00:00:00', 'http://dummyimage.com/119x100.png/dddddd/000000', '24 Pierstorff Terrace', 'aliquet at feugiat non pretium quis lectus suspendisse potenti in eleifend quam a odio in hac habitasse platea dictumst', '2021-01-29 00:00:00', '2020-06-25 00:00:00', 69, 'Art'),
(9, 'vestibulum eget vulputate', 9, '2020-07-19 00:00:00', 'http://dummyimage.com/233x100.png/cc0000/ffffff', '4351 Arizona Park', 'eros vestibulum ac est lacinia nisi venenatis tristique fusce congue', '2021-01-19 00:00:00', '2020-12-19 00:00:00', 70, 'Music'),
(10, 'dapibus augue vel accumsan tellus', 46, '2020-06-02 00:00:00', 'http://dummyimage.com/141x100.png/5fa2dd/ffffff', '9 Elka Court', 'lectus pellentesque eget nunc donec quis orci eget orci vehicula condimentum curabitur in libero', '2020-08-23 00:00:00', '2021-04-16 00:00:00', 63, 'Politic'),
(11, 'odio consequat varius integer ac', 19, '2020-07-06 00:00:00', 'http://dummyimage.com/147x100.png/dddddd/000000', '35420 Algoma Plaza', 'suscipit ligula in lacus curabitur at ipsum ac tellus semper interdum mauris ullamcorper purus', '2021-03-03 00:00:00', '2021-01-10 00:00:00', 89, 'Others'),
(12, 'enim in tempor', 94, '2021-03-06 00:00:00', 'http://dummyimage.com/225x100.png/5fa2dd/ffffff', '0 Fairview Place', 'ipsum primis in faucibus orci luctus et ultrices posuere cubilia curae donec pharetra magna vestibulum aliquet ultrices', '2020-12-11 00:00:00', '2021-02-07 00:00:00', 35, 'Fashion'),
(13, 'vel nisl duis ac', 14, '2021-05-07 00:00:00', 'http://dummyimage.com/250x100.png/5fa2dd/ffffff', '423 Westerfield Alley', 'vel augue vestibulum ante ipsum primis in faucibus orci luctus et ultrices posuere cubilia curae', '2020-04-27 00:00:00', '2020-06-01 00:00:00', 1, 'Fashion'),
(14, 'sed augue aliquam erat volutpat', 79, '2020-06-24 00:00:00', 'http://dummyimage.com/157x100.png/dddddd/000000', '65812 Gulseth Junction', 'in faucibus orci luctus et ultrices posuere cubilia curae mauris viverra diam', '2020-04-15 00:00:00', '2020-06-18 00:00:00', 3, 'Art'),
(15, 'eu massa donec', 8, '2021-02-11 00:00:00', 'http://dummyimage.com/250x100.png/dddddd/000000', '086 Cambridge Place', 'velit eu est congue elementum in hac habitasse platea dictumst morbi vestibulum velit id pretium', '2020-04-25 00:00:00', '2020-07-08 00:00:00', 15, 'Tecnology'),
(16, 'bibendum morbi non quam', 72, '2020-06-03 00:00:00', 'http://dummyimage.com/249x100.png/5fa2dd/ffffff', '3621 Mallory Hill', 'ultrices posuere cubilia curae nulla dapibus dolor vel est donec odio justo sollicitudin ut suscipit a', '2020-11-09 00:00:00', '2021-04-14 00:00:00', 2, 'Science'),
(17, 'libero ut massa volutpat', 70, '2021-02-12 00:00:00', 'http://dummyimage.com/136x100.png/ff4444/ffffff', '82 Forster Park', 'venenatis turpis enim blandit mi in porttitor pede justo eu massa donec dapibus duis at velit eu est', '2020-08-27 00:00:00', '2021-04-03 00:00:00', 22, 'Politic'),
(18, 'porttitor pede justo eu massa', 3, '2020-10-19 00:00:00', 'http://dummyimage.com/139x100.png/5fa2dd/ffffff', '7 Monument Way', 'semper sapien a libero nam dui proin leo odio porttitor id consequat in consequat ut nulla sed', '2020-04-08 00:00:00', '2021-05-31 00:00:00', 35, 'Tecnology'),
(19, 'tortor risus dapibus augue', 30, '2020-06-13 00:00:00', 'http://dummyimage.com/212x100.png/cc0000/ffffff', '3 Melrose Hill', 'rutrum neque aenean auctor gravida sem praesent id massa id nisl venenatis lacinia aenean sit amet justo morbi', '2021-04-19 00:00:00', '2020-12-08 00:00:00', 44, 'Politic'),
(20, 'tincidunt ante vel ipsum praesent', 12, '2021-05-07 00:00:00', 'http://dummyimage.com/209x100.png/ff4444/ffffff', '574 Carpenter Park', 'etiam vel augue vestibulum rutrum rutrum neque aenean auctor gravida sem praesent id massa id nisl venenatis lacinia aenean', '2020-10-13 00:00:00', '2020-05-25 00:00:00', 29, 'Gastronomy'),
(21, 'at turpis a pede', 74, '2020-06-27 00:00:00', 'http://dummyimage.com/188x100.png/dddddd/000000', '67822 Harbort Park', 'tincidunt nulla mollis molestie lorem quisque ut erat curabitur gravida nisi at nibh in hac habitasse platea dictumst aliquam augue', '2020-09-19 00:00:00', '2020-12-14 00:00:00', 11, 'Tecnology'),
(22, 'vulputate elementum nullam varius nulla', 6, '2020-11-03 00:00:00', 'http://dummyimage.com/190x100.png/cc0000/ffffff', '23 Buhler Junction', 'donec pharetra magna vestibulum aliquet ultrices erat tortor sollicitudin mi sit amet lobortis sapien sapien non', '2020-06-07 00:00:00', '2021-02-11 00:00:00', 77, 'Games'),
(23, 'quis turpis eget', 46, '2020-10-17 00:00:00', 'http://dummyimage.com/212x100.png/ff4444/ffffff', '97400 Toban Lane', 'id justo sit amet sapien dignissim vestibulum vestibulum ante ipsum primis in faucibus orci', '2020-04-12 00:00:00', '2021-03-17 00:00:00', 82, 'Tecnology'),
(24, 'sit amet diam in magna', 11, '2020-06-04 00:00:00', 'http://dummyimage.com/179x100.png/5fa2dd/ffffff', '0643 Mallory Court', 'faucibus orci luctus et ultrices posuere cubilia curae donec pharetra magna vestibulum', '2020-11-22 00:00:00', '2020-09-07 00:00:00', 100, 'Fashion'),
(25, 'sit amet diam', 79, '2020-12-13 00:00:00', 'http://dummyimage.com/193x100.png/5fa2dd/ffffff', '5 Farragut Lane', 'nullam sit amet turpis elementum ligula vehicula consequat morbi a ipsum integer', '2020-08-10 00:00:00', '2020-11-04 00:00:00', 68, 'Education'),
(26, 'curabitur in libero ut', 9, '2020-10-28 00:00:00', 'http://dummyimage.com/182x100.png/cc0000/ffffff', '5 Continental Trail', 'at velit vivamus vel nulla eget eros elementum pellentesque quisque porta volutpat erat quisque erat', '2021-03-31 00:00:00', '2020-07-23 00:00:00', 88, 'Music'),
(27, 'dui vel sem sed', 78, '2020-08-14 00:00:00', 'http://dummyimage.com/220x100.png/5fa2dd/ffffff', '600 East Point', 'duis at velit eu est congue elementum in hac habitasse platea', '2021-04-05 00:00:00', '2021-05-01 00:00:00', 65, 'Fashion'),
(28, 'egestas metus aenean fermentum donec', 65, '2021-02-21 00:00:00', 'http://dummyimage.com/104x100.png/dddddd/000000', '9 Ryan Hill', 'hendrerit at vulputate vitae nisl aenean lectus pellentesque eget nunc donec quis orci eget', '2020-06-30 00:00:00', '2021-03-22 00:00:00', 3, 'Others'),
(29, 'lacinia erat vestibulum sed', 55, '2020-07-12 00:00:00', 'http://dummyimage.com/123x100.png/cc0000/ffffff', '9061 Toban Road', 'nulla ac enim in tempor turpis nec euismod scelerisque quam turpis adipiscing lorem vitae mattis nibh ligula nec', '2020-10-21 00:00:00', '2021-01-05 00:00:00', 24, 'Politic'),
(30, 'amet eleifend pede libero quis', 45, '2020-11-03 00:00:00', 'http://dummyimage.com/196x100.png/dddddd/000000', '14279 Straubel Avenue', 'amet cursus id turpis integer aliquet massa id lobortis convallis tortor', '2021-04-15 00:00:00', '2020-05-29 00:00:00', 22, 'Sport'),
(31, 'posuere cubilia curae duis', 51, '2020-12-20 00:00:00', 'http://dummyimage.com/143x100.png/ff4444/ffffff', '74 Pennsylvania Hill', 'ipsum praesent blandit lacinia erat vestibulum sed magna at nunc commodo placerat praesent', '2020-11-01 00:00:00', '2021-04-22 00:00:00', 1, 'Games'),
(32, 'nulla tempus vivamus', 18, '2020-05-13 00:00:00', 'http://dummyimage.com/198x100.png/cc0000/ffffff', '648 Banding Plaza', 'ut erat id mauris vulputate elementum nullam varius nulla facilisi cras', '2021-03-06 00:00:00', '2021-03-25 00:00:00', 6, 'Education'),
(33, 'nisl venenatis lacinia aenean sit', 70, '2020-10-04 00:00:00', 'http://dummyimage.com/208x100.png/ff4444/ffffff', '69231 Forest Run Place', 'laoreet ut rhoncus aliquet pulvinar sed nisl nunc rhoncus dui vel sem sed sagittis nam congue risus semper', '2020-08-01 00:00:00', '2020-07-09 00:00:00', 92, 'Science'),
(34, 'ligula vehicula consequat morbi', 46, '2020-09-19 00:00:00', 'http://dummyimage.com/149x100.png/dddddd/000000', '8 Dayton Court', 'nisl duis ac nibh fusce lacus purus aliquet at feugiat non pretium quis lectus suspendisse potenti in eleifend quam a', '2020-06-23 00:00:00', '2021-04-15 00:00:00', 63, 'Games'),
(35, 'nulla ut erat id mauris', 82, '2020-08-02 00:00:00', 'http://dummyimage.com/242x100.png/5fa2dd/ffffff', '57991 Eastlawn Avenue', 'ultrices phasellus id sapien in sapien iaculis congue vivamus metus arcu adipiscing molestie hendrerit at vulputate', '2020-12-10 00:00:00', '2021-04-28 00:00:00', 14, 'Sport'),
(36, 'et eros vestibulum ac est', 5, '2021-04-22 00:00:00', 'http://dummyimage.com/195x100.png/dddddd/000000', '9922 Hoard Place', 'pede ullamcorper augue a suscipit nulla elit ac nulla sed vel enim', '2021-04-08 00:00:00', '2021-04-24 00:00:00', 79, 'Science'),
(37, 'nisl ut volutpat sapien arcu', 66, '2020-05-15 00:00:00', 'http://dummyimage.com/165x100.png/cc0000/ffffff', '67 Raven Point', 'urna pretium nisl ut volutpat sapien arcu sed augue aliquam', '2020-11-12 00:00:00', '2020-05-11 00:00:00', 22, 'Sport'),
(38, 'quam pede lobortis', 94, '2020-07-03 00:00:00', 'http://dummyimage.com/222x100.png/cc0000/ffffff', '3 Longview Lane', 'porttitor pede justo eu massa donec dapibus duis at velit eu est congue elementum in hac habitasse platea dictumst morbi', '2020-05-22 00:00:00', '2020-07-12 00:00:00', 97, 'Art'),
(39, 'orci eget orci', 92, '2021-03-22 00:00:00', 'http://dummyimage.com/129x100.png/ff4444/ffffff', '1 Crest Line Drive', 'varius ut blandit non interdum in ante vestibulum ante ipsum', '2020-05-09 00:00:00', '2021-02-11 00:00:00', 35, 'Travel'),
(40, 'vel pede morbi porttitor', 78, '2021-04-11 00:00:00', 'http://dummyimage.com/192x100.png/cc0000/ffffff', '6 Kinsman Alley', 'in tempus sit amet sem fusce consequat nulla nisl nunc nisl duis bibendum felis sed interdum', '2021-03-29 00:00:00', '2021-04-20 00:00:00', 88, 'Music'),
(41, 'in purus eu magna vulputate', 65, '2020-10-13 00:00:00', 'http://dummyimage.com/100x100.png/5fa2dd/ffffff', '37959 Myrtle Parkway', 'in hac habitasse platea dictumst aliquam augue quam sollicitudin vitae consectetuer eget rutrum at lorem integer tincidunt ante', '2020-08-13 00:00:00', '2021-02-14 00:00:00', 93, 'Music'),
(42, 'fusce posuere felis', 58, '2021-04-15 00:00:00', 'http://dummyimage.com/182x100.png/ff4444/ffffff', '66763 Sommers Crossing', 'sagittis nam congue risus semper porta volutpat quam pede lobortis ligula sit amet', '2020-04-13 00:00:00', '2021-02-06 00:00:00', 96, 'Others'),
(43, 'pede ullamcorper augue a', 30, '2021-01-05 00:00:00', 'http://dummyimage.com/132x100.png/5fa2dd/ffffff', '657 Glendale Alley', 'elementum pellentesque quisque porta volutpat erat quisque erat eros viverra', '2020-11-29 00:00:00', '2020-12-18 00:00:00', 2, 'Science'),
(44, 'sed nisl nunc', 31, '2020-05-17 00:00:00', 'http://dummyimage.com/107x100.png/ff4444/ffffff', '0 Mcbride Drive', 'eu magna vulputate luctus cum sociis natoque penatibus et magnis', '2021-04-03 00:00:00', '2021-04-19 00:00:00', 43, 'Tecnology'),
(45, 'a feugiat et eros vestibulum', 10, '2020-11-27 00:00:00', 'http://dummyimage.com/208x100.png/cc0000/ffffff', '49203 Sachtjen Hill', 'risus praesent lectus vestibulum quam sapien varius ut blandit non interdum in ante vestibulum ante', '2020-09-27 00:00:00', '2020-05-18 00:00:00', 13, 'Fashion'),
(46, 'maecenas ut massa quis augue', 21, '2020-08-11 00:00:00', 'http://dummyimage.com/161x100.png/cc0000/ffffff', '52 Manufacturers Road', 'in ante vestibulum ante ipsum primis in faucibus orci luctus et ultrices', '2020-04-28 00:00:00', '2021-03-08 00:00:00', 14, 'Science'),
(47, 'ut erat curabitur', 60, '2020-09-08 00:00:00', 'http://dummyimage.com/179x100.png/dddddd/000000', '2 Tony Circle', 'erat quisque erat eros viverra eget congue eget semper rutrum nulla nunc purus phasellus', '2021-03-06 00:00:00', '2021-06-14 00:00:00', 17, 'Tecnology'),
(48, 'praesent blandit lacinia', 5, '2020-08-23 00:00:00', 'http://dummyimage.com/231x100.png/5fa2dd/ffffff', '298 Tennyson Court', 'odio justo sollicitudin ut suscipit a feugiat et eros vestibulum ac est', '2020-10-28 00:00:00', '2021-03-09 00:00:00', 97, 'Sport'),
(49, 'in blandit ultrices', 50, '2020-10-05 00:00:00', 'http://dummyimage.com/150x100.png/ff4444/ffffff', '13 Washington Drive', 'odio curabitur convallis duis consequat dui nec nisi volutpat eleifend', '2021-02-11 00:00:00', '2020-09-11 00:00:00', 55, 'Gastronomy'),
(50, 'vel lectus in', 24, '2020-10-28 00:00:00', 'http://dummyimage.com/116x100.png/ff4444/ffffff', '58077 Continental Lane', 'in hac habitasse platea dictumst morbi vestibulum velit id pretium iaculis diam erat fermentum justo nec condimentum neque', '2020-10-09 00:00:00', '2021-03-20 00:00:00', 86, 'Travel'),
(51, 'quam sapien varius ut', 65, '2020-10-18 00:00:00', 'http://dummyimage.com/193x100.png/5fa2dd/ffffff', '7454 Linden Road', 'est congue elementum in hac habitasse platea dictumst morbi vestibulum', '2020-08-29 00:00:00', '2020-05-12 00:00:00', 22, 'Gastronomy'),
(52, 'ut suscipit a feugiat et', 43, '2020-05-05 00:00:00', 'http://dummyimage.com/152x100.png/5fa2dd/ffffff', '3 Hermina Point', 'pede venenatis non sodales sed tincidunt eu felis fusce posuere felis sed lacus morbi sem mauris laoreet', '2021-04-08 00:00:00', '2020-08-15 00:00:00', 61, 'Fashion'),
(53, 'volutpat in congue', 68, '2021-05-10 00:00:00', 'http://dummyimage.com/194x100.png/5fa2dd/ffffff', '67 Valley Edge Center', 'sociis natoque penatibus et magnis dis parturient montes nascetur ridiculus mus vivamus vestibulum sagittis sapien cum sociis natoque penatibus', '2020-09-21 00:00:00', '2021-02-14 00:00:00', 45, 'Games'),
(54, 'eget eleifend luctus ultricies', 79, '2021-01-11 00:00:00', 'http://dummyimage.com/128x100.png/dddddd/000000', '46826 Warbler Junction', 'amet cursus id turpis integer aliquet massa id lobortis convallis tortor risus dapibus augue vel accumsan tellus nisi eu', '2021-02-18 00:00:00', '2020-11-29 00:00:00', 2, 'Education'),
(55, 'rhoncus mauris enim leo rhoncus', 67, '2020-08-02 00:00:00', 'http://dummyimage.com/130x100.png/5fa2dd/ffffff', '85 Columbus Circle', 'sit amet turpis elementum ligula vehicula consequat morbi a ipsum integer a nibh', '2020-12-20 00:00:00', '2021-01-04 00:00:00', 14, 'Others'),
(56, 'semper est quam pharetra magna', 40, '2020-09-17 00:00:00', 'http://dummyimage.com/199x100.png/cc0000/ffffff', '60 Quincy Lane', 'blandit lacinia erat vestibulum sed magna at nunc commodo placerat praesent blandit nam nulla integer pede justo lacinia', '2020-11-06 00:00:00', '2020-05-31 00:00:00', 5, 'Sport'),
(57, 'ut volutpat sapien arcu', 82, '2021-03-18 00:00:00', 'http://dummyimage.com/130x100.png/cc0000/ffffff', '2 Miller Place', 'interdum mauris ullamcorper purus sit amet nulla quisque arcu libero rutrum ac', '2020-08-25 00:00:00', '2020-07-02 00:00:00', 59, 'Tecnology'),
(58, 'in libero ut massa volutpat', 43, '2021-01-08 00:00:00', 'http://dummyimage.com/172x100.png/5fa2dd/ffffff', '55462 Loftsgordon Pass', 'pharetra magna vestibulum aliquet ultrices erat tortor sollicitudin mi sit', '2020-10-17 00:00:00', '2021-04-17 00:00:00', 48, 'Travel'),
(59, 'arcu sed augue', 9, '2021-02-25 00:00:00', 'http://dummyimage.com/176x100.png/5fa2dd/ffffff', '4886 Kim Point', 'pellentesque volutpat dui maecenas tristique est et tempus semper est quam pharetra magna ac consequat', '2021-03-17 00:00:00', '2021-03-14 00:00:00', 79, 'Science'),
(60, 'habitasse platea dictumst', 10, '2020-10-20 00:00:00', 'http://dummyimage.com/163x100.png/5fa2dd/ffffff', '00 Kings Hill', 'metus sapien ut nunc vestibulum ante ipsum primis in faucibus orci luctus et ultrices posuere cubilia curae mauris', '2020-10-14 00:00:00', '2021-05-24 00:00:00', 64, 'Tecnology'),
(61, 'morbi odio odio elementum eu', 43, '2020-08-09 00:00:00', 'http://dummyimage.com/105x100.png/dddddd/000000', '9 Northfield Street', 'ipsum ac tellus semper interdum mauris ullamcorper purus sit amet nulla quisque', '2020-12-07 00:00:00', '2021-04-14 00:00:00', 70, 'Fashion'),
(62, 'magna ac consequat', 8, '2021-05-15 00:00:00', 'http://dummyimage.com/111x100.png/cc0000/ffffff', '25 Birchwood Place', 'ante ipsum primis in faucibus orci luctus et ultrices posuere cubilia', '2020-09-29 00:00:00', '2020-10-09 00:00:00', 33, 'Education'),
(63, 'vestibulum velit id pretium', 29, '2020-07-17 00:00:00', 'http://dummyimage.com/105x100.png/cc0000/ffffff', '3050 Vahlen Parkway', 'interdum eu tincidunt in leo maecenas pulvinar lobortis est phasellus sit amet erat nulla tempus', '2021-02-21 00:00:00', '2021-06-14 00:00:00', 62, 'Politic'),
(64, 'rutrum nulla tellus in sagittis', 30, '2020-11-22 00:00:00', 'http://dummyimage.com/155x100.png/cc0000/ffffff', '0388 Morningstar Way', 'diam id ornare imperdiet sapien urna pretium nisl ut volutpat sapien arcu sed augue aliquam erat', '2020-07-03 00:00:00', '2020-04-28 00:00:00', 40, 'Education'),
(65, 'lacinia eget tincidunt eget', 30, '2021-03-04 00:00:00', 'http://dummyimage.com/143x100.png/cc0000/ffffff', '6 Helena Junction', 'eu orci mauris lacinia sapien quis libero nullam sit amet turpis elementum ligula', '2021-01-20 00:00:00', '2020-12-14 00:00:00', 50, 'Gastronomy'),
(66, 'semper rutrum nulla nunc purus', 77, '2020-10-16 00:00:00', 'http://dummyimage.com/198x100.png/5fa2dd/ffffff', '8392 Parkside Avenue', 'nullam sit amet turpis elementum ligula vehicula consequat morbi a ipsum integer a nibh in quis justo maecenas rhoncus aliquam', '2020-09-23 00:00:00', '2021-03-21 00:00:00', 96, 'Sport'),
(67, 'nulla suspendisse potenti cras', 37, '2020-07-13 00:00:00', 'http://dummyimage.com/221x100.png/cc0000/ffffff', '57 Fallview Parkway', 'sit amet eleifend pede libero quis orci nullam molestie nibh in lectus pellentesque at nulla suspendisse potenti cras', '2020-09-13 00:00:00', '2021-03-07 00:00:00', 5, 'Science'),
(68, 'convallis duis consequat dui', 70, '2020-09-13 00:00:00', 'http://dummyimage.com/133x100.png/5fa2dd/ffffff', '6 Butternut Park', 'pellentesque volutpat dui maecenas tristique est et tempus semper est quam pharetra', '2021-02-22 00:00:00', '2020-07-24 00:00:00', 12, 'Others'),
(69, 'in congue etiam', 67, '2021-04-13 00:00:00', 'http://dummyimage.com/128x100.png/5fa2dd/ffffff', '54 Doe Crossing Street', 'montes nascetur ridiculus mus etiam vel augue vestibulum rutrum rutrum neque aenean auctor gravida sem', '2021-01-30 00:00:00', '2021-06-11 00:00:00', 6, 'Fashion'),
(70, 'pede morbi porttitor lorem', 63, '2020-11-21 00:00:00', 'http://dummyimage.com/231x100.png/5fa2dd/ffffff', '85 Straubel Park', 'aliquam lacus morbi quis tortor id nulla ultrices aliquet maecenas leo odio condimentum id luctus nec', '2020-07-01 00:00:00', '2020-08-27 00:00:00', 29, 'Politic'),
(71, 'in tempus sit', 36, '2020-06-13 00:00:00', 'http://dummyimage.com/235x100.png/5fa2dd/ffffff', '7962 Northport Crossing', 'tortor duis mattis egestas metus aenean fermentum donec ut mauris eget massa tempor convallis nulla neque libero convallis eget', '2020-09-25 00:00:00', '2021-05-11 00:00:00', 73, 'Sport'),
(72, 'mauris morbi non lectus aliquam', 33, '2020-08-12 00:00:00', 'http://dummyimage.com/229x100.png/5fa2dd/ffffff', '9344 Debra Trail', 'nulla ultrices aliquet maecenas leo odio condimentum id luctus nec molestie sed justo pellentesque viverra pede ac diam cras', '2020-07-21 00:00:00', '2021-05-06 00:00:00', 97, 'Tecnology'),
(73, 'volutpat sapien arcu sed', 64, '2021-02-17 00:00:00', 'http://dummyimage.com/103x100.png/dddddd/000000', '5 Sugar Place', 'purus phasellus in felis donec semper sapien a libero nam dui proin leo odio porttitor id', '2021-01-31 00:00:00', '2020-06-23 00:00:00', 63, 'Games'),
(74, 'nulla tellus in', 16, '2021-01-10 00:00:00', 'http://dummyimage.com/178x100.png/5fa2dd/ffffff', '9396 Cascade Hill', 'et magnis dis parturient montes nascetur ridiculus mus vivamus vestibulum sagittis sapien', '2020-09-18 00:00:00', '2020-11-09 00:00:00', 71, 'Tecnology'),
(75, 'vel pede morbi', 74, '2021-04-02 00:00:00', 'http://dummyimage.com/134x100.png/cc0000/ffffff', '364 Johnson Parkway', 'aliquam augue quam sollicitudin vitae consectetuer eget rutrum at lorem integer', '2020-06-20 00:00:00', '2020-09-10 00:00:00', 1, 'Music'),
(76, 'a suscipit nulla elit ac', 4, '2021-01-12 00:00:00', 'http://dummyimage.com/174x100.png/5fa2dd/ffffff', '2294 Elka Way', 'fermentum donec ut mauris eget massa tempor convallis nulla neque', '2020-11-09 00:00:00', '2020-12-29 00:00:00', 76, 'Games'),
(77, 'penatibus et magnis', 32, '2020-05-17 00:00:00', 'http://dummyimage.com/173x100.png/ff4444/ffffff', '2 Schlimgen Place', 'pede libero quis orci nullam molestie nibh in lectus pellentesque at nulla suspendisse potenti cras', '2020-12-30 00:00:00', '2021-02-22 00:00:00', 70, 'Art'),
(78, 'ac nulla sed vel enim', 21, '2021-03-28 00:00:00', 'http://dummyimage.com/133x100.png/dddddd/000000', '63206 Fremont Lane', 'feugiat non pretium quis lectus suspendisse potenti in eleifend quam a odio in hac habitasse platea dictumst', '2020-04-11 00:00:00', '2020-07-03 00:00:00', 3, 'Music'),
(79, 'lacus morbi quis tortor id', 16, '2021-04-28 00:00:00', 'http://dummyimage.com/229x100.png/5fa2dd/ffffff', '86 Dapin Park', 'nunc vestibulum ante ipsum primis in faucibus orci luctus et ultrices posuere cubilia', '2020-06-12 00:00:00', '2020-07-18 00:00:00', 85, 'Art'),
(80, 'consectetuer adipiscing elit', 31, '2020-10-17 00:00:00', 'http://dummyimage.com/185x100.png/5fa2dd/ffffff', '5055 American Ash Hill', 'luctus et ultrices posuere cubilia curae donec pharetra magna vestibulum aliquet ultrices erat tortor sollicitudin', '2020-06-20 00:00:00', '2021-06-06 00:00:00', 45, 'Politic'),
(81, 'augue quam sollicitudin', 17, '2020-12-05 00:00:00', 'http://dummyimage.com/103x100.png/dddddd/000000', '878 Mcbride Circle', 'in hac habitasse platea dictumst etiam faucibus cursus urna ut tellus nulla ut erat id mauris vulputate elementum nullam varius', '2020-05-29 00:00:00', '2020-10-06 00:00:00', 6, 'Education'),
(82, 'blandit ultrices enim lorem ipsum', 74, '2020-06-13 00:00:00', 'http://dummyimage.com/121x100.png/dddddd/000000', '913 Vidon Place', 'erat vestibulum sed magna at nunc commodo placerat praesent blandit nam nulla integer pede justo lacinia eget tincidunt eget', '2021-03-03 00:00:00', '2020-12-15 00:00:00', 34, 'Politic'),
(83, 'vehicula condimentum curabitur in', 92, '2020-06-10 00:00:00', 'http://dummyimage.com/249x100.png/dddddd/000000', '62829 Evergreen Crossing', 'tortor quis turpis sed ante vivamus tortor duis mattis egestas metus', '2021-04-04 00:00:00', '2020-07-10 00:00:00', 71, 'Politic'),
(84, 'nullam sit amet', 10, '2020-07-16 00:00:00', 'http://dummyimage.com/148x100.png/cc0000/ffffff', '71 Rieder Avenue', 'vitae nisl aenean lectus pellentesque eget nunc donec quis orci eget orci vehicula condimentum curabitur in libero', '2020-08-23 00:00:00', '2021-06-14 00:00:00', 84, 'Science'),
(85, 'faucibus orci luctus et ultrices', 11, '2021-04-04 00:00:00', 'http://dummyimage.com/113x100.png/5fa2dd/ffffff', '6 Kropf Plaza', 'augue luctus tincidunt nulla mollis molestie lorem quisque ut erat curabitur gravida', '2020-06-04 00:00:00', '2020-06-03 00:00:00', 44, 'Science'),
(86, 'viverra dapibus nulla suscipit ligula', 68, '2020-05-16 00:00:00', 'http://dummyimage.com/225x100.png/cc0000/ffffff', '4750 Wayridge Court', 'eu tincidunt in leo maecenas pulvinar lobortis est phasellus sit amet erat nulla', '2020-07-26 00:00:00', '2021-03-16 00:00:00', 89, 'Politic'),
(87, 'varius integer ac leo', 63, '2020-11-24 00:00:00', 'http://dummyimage.com/200x100.png/dddddd/000000', '337 Barnett Pass', 'primis in faucibus orci luctus et ultrices posuere cubilia curae mauris viverra diam vitae quam suspendisse', '2020-11-06 00:00:00', '2020-12-23 00:00:00', 85, 'Education'),
(88, 'laoreet ut rhoncus', 11, '2020-05-30 00:00:00', 'http://dummyimage.com/125x100.png/dddddd/000000', '03919 Ryan Center', 'aliquet ultrices erat tortor sollicitudin mi sit amet lobortis sapien sapien non mi integer ac neque', '2020-04-19 00:00:00', '2021-01-20 00:00:00', 62, 'Travel'),
(89, 'non ligula pellentesque ultrices', 76, '2020-08-15 00:00:00', 'http://dummyimage.com/194x100.png/ff4444/ffffff', '6 Jenna Terrace', 'lorem ipsum dolor sit amet consectetuer adipiscing elit proin interdum mauris non ligula pellentesque ultrices', '2021-02-25 00:00:00', '2020-05-03 00:00:00', 77, 'Education'),
(90, 'non pretium quis', 6, '2020-05-06 00:00:00', 'http://dummyimage.com/196x100.png/cc0000/ffffff', '5391 Sachtjen Trail', 'leo odio porttitor id consequat in consequat ut nulla sed accumsan felis ut at dolor quis odio consequat', '2021-03-11 00:00:00', '2020-07-22 00:00:00', 36, 'Gastronomy'),
(91, 'praesent blandit nam nulla integer', 21, '2020-07-09 00:00:00', 'http://dummyimage.com/138x100.png/dddddd/000000', '6380 Talisman Street', 'nulla elit ac nulla sed vel enim sit amet nunc', '2021-03-15 00:00:00', '2020-09-08 00:00:00', 86, 'Music'),
(92, 'in faucibus orci', 93, '2020-10-09 00:00:00', 'http://dummyimage.com/249x100.png/dddddd/000000', '45679 Oakridge Alley', 'volutpat in congue etiam justo etiam pretium iaculis justo in hac habitasse platea dictumst etiam faucibus cursus urna', '2020-10-20 00:00:00', '2020-12-24 00:00:00', 27, 'Science'),
(93, 'gravida nisi at', 68, '2020-05-25 00:00:00', 'http://dummyimage.com/162x100.png/cc0000/ffffff', '6267 Karstens Way', 'justo pellentesque viverra pede ac diam cras pellentesque volutpat dui maecenas tristique est et tempus semper est', '2020-09-20 00:00:00', '2021-03-10 00:00:00', 55, 'Gastronomy'),
(94, 'sapien a libero nam dui', 75, '2020-09-27 00:00:00', 'http://dummyimage.com/159x100.png/5fa2dd/ffffff', '89430 Hanover Terrace', 'sapien placerat ante nulla justo aliquam quis turpis eget elit sodales scelerisque mauris sit', '2021-03-14 00:00:00', '2021-04-19 00:00:00', 81, 'Education'),
(95, 'sit amet sem', 63, '2020-05-31 00:00:00', 'http://dummyimage.com/238x100.png/ff4444/ffffff', '3319 Jenifer Alley', 'ipsum aliquam non mauris morbi non lectus aliquam sit amet diam in magna bibendum imperdiet nullam orci', '2020-12-27 00:00:00', '2020-12-24 00:00:00', 53, 'Politic'),
(96, 'ligula nec sem duis', 50, '2020-10-05 00:00:00', 'http://dummyimage.com/101x100.png/5fa2dd/ffffff', '97 Delladonna Terrace', 'justo in hac habitasse platea dictumst etiam faucibus cursus urna ut tellus nulla ut erat id mauris vulputate elementum nullam', '2020-04-01 00:00:00', '2020-07-26 00:00:00', 13, 'Games'),
(97, 'sit amet cursus id turpis', 9, '2021-03-16 00:00:00', 'http://dummyimage.com/142x100.png/ff4444/ffffff', '841 Bayside Drive', 'morbi a ipsum integer a nibh in quis justo maecenas rhoncus aliquam lacus morbi quis tortor id nulla ultrices aliquet', '2020-09-04 00:00:00', '2020-10-19 00:00:00', 52, 'Art'),
(98, 'aliquet at feugiat non pretium', 99, '2020-06-19 00:00:00', 'http://dummyimage.com/117x100.png/dddddd/000000', '4174 Donald Parkway', 'fusce congue diam id ornare imperdiet sapien urna pretium nisl', '2020-10-02 00:00:00', '2021-02-15 00:00:00', 75, 'Politic'),
(99, 'massa volutpat convallis', 71, '2020-07-27 00:00:00', 'http://dummyimage.com/120x100.png/ff4444/ffffff', '12176 Hudson Parkway', 'a pede posuere nonummy integer non velit donec diam neque vestibulum eget vulputate ut ultrices vel augue vestibulum ante ipsum', '2020-09-21 00:00:00', '2020-05-17 00:00:00', 11, 'Tecnology'),
(100, 'auctor sed tristique in tempus', 73, '2020-07-25 00:00:00', 'http://dummyimage.com/133x100.png/ff4444/ffffff', '1607 Lindbergh Center', 'sem mauris laoreet ut rhoncus aliquet pulvinar sed nisl nunc rhoncus dui vel sem sed sagittis nam congue', '2020-07-30 00:00:00', '2020-09-26 00:00:00', 72, 'Politic');

-- --------------------------------------------------------

--
-- Estructura de tabla para la tabla `friends`
--

CREATE TABLE `friends` (
  `user_id` int(10) UNSIGNED NOT NULL,
  `user_id_friend` int(10) UNSIGNED NOT NULL,
  `status` int(2) NOT NULL
) ENGINE=InnoDB DEFAULT CHARSET=latin1;

--
-- Volcado de datos para la tabla `friends`
--

INSERT INTO `friends` (`user_id`, `user_id_friend`, `status`) VALUES
(1, 9, 1),
(3, 34, 1),
(3, 97, 1),
(4, 24, 1),
(4, 26, 0),
(4, 64, 1),
(8, 47, 0),
(8, 55, 1),
(9, 6, 0),
(10, 58, 0),
(10, 95, 1),
(11, 20, 1),
(12, 27, 1),
(13, 22, 0),
(13, 38, 1),
(14, 10, 0),
(15, 48, 0),
(15, 71, 0),
(16, 36, 1),
(18, 38, 0),
(18, 44, 0),
(18, 60, 0),
(18, 65, 1),
(18, 95, 1),
(19, 56, 0),
(20, 17, 1),
(20, 64, 0),
(21, 43, 0),
(21, 74, 1),
(22, 88, 1),
(22, 95, 0),
(23, 27, 1),
(23, 39, 1),
(24, 75, 0),
(25, 78, 0),
(28, 49, 1),
(29, 24, 0),
(29, 57, 1),
(30, 63, 1),
(31, 62, 1),
(32, 32, 1),
(33, 22, 1),
(39, 57, 0),
(42, 1, 0),
(42, 98, 1),
(44, 12, 1),
(45, 42, 0),
(45, 54, 0),
(45, 65, 0),
(46, 66, 0),
(48, 23, 1),
(49, 2, 0),
(50, 36, 0),
(50, 84, 0),
(51, 45, 1),
(51, 60, 1),
(53, 20, 1),
(54, 2, 0),
(54, 57, 0),
(56, 75, 1),
(56, 86, 0),
(57, 38, 1),
(59, 62, 0),
(62, 3, 0),
(63, 97, 0),
(64, 54, 0),
(65, 9, 0),
(66, 15, 1),
(66, 35, 0),
(69, 71, 0),
(70, 84, 0),
(71, 70, 0),
(72, 2, 1),
(72, 26, 0),
(72, 37, 0),
(72, 62, 0),
(72, 98, 1),
(74, 68, 0),
(74, 87, 0),
(77, 41, 1),
(77, 70, 0),
(78, 21, 1),
(79, 96, 1),
(85, 53, 1),
(86, 83, 0),
(87, 92, 1),
(88, 21, 1),
(88, 68, 1),
(89, 4, 0),
(93, 62, 1),
(94, 43, 0),
(94, 55, 0),
(96, 56, 1),
(96, 58, 1),
(98, 57, 0),
(98, 68, 0),
(98, 88, 1),
(98, 96, 0),
(100, 32, 0),
(100, 53, 1);

-- --------------------------------------------------------

--
-- Estructura de tabla para la tabla `messages`
--

CREATE TABLE `messages` (
  `id` int(16) UNSIGNED NOT NULL,
  `content` text NOT NULL,
  `user_id_send` int(10) UNSIGNED NOT NULL,
  `user_id_recived` int(10) UNSIGNED NOT NULL,
  `time_stamp` datetime NOT NULL
) ENGINE=InnoDB DEFAULT CHARSET=latin1;

--
-- Volcado de datos para la tabla `messages`
--

INSERT INTO `messages` (`id`, `content`, `user_id_send`, `user_id_recived`, `time_stamp`) VALUES
(1, 'proin leo odio porttitor id consequat', 62, 53, '2018-01-22 02:57:46'),
(2, 'ut odio cras mi pede', 24, 26, '2019-06-06 02:57:46'),
(3, 'nulla facilisi cras', 57, 5, '2021-01-09 10:57:46'),
(4, 'aliquam sit amet', 95, 13, '2020-12-05 17:37:46'),
(5, 'nunc vestibulum ante ipsum primis in', 73, 56, '2020-01-07 09:37:46'),
(6, 'donec ut dolor morbi', 39, 79, '2019-02-15 00:17:46'),
(7, 'morbi odio odio elementum', 74, 75, '2019-08-14 13:37:46'),
(8, 'lectus vestibulum quam sapien varius ut', 1, 48, '2018-02-25 20:17:46'),
(9, 'ultrices mattis odio donec', 24, 51, '2018-04-22 09:37:46'),
(10, 'est et tempus semper est', 33, 87, '2018-08-04 13:37:46'),
(11, 'cras pellentesque volutpat dui maecenas tristique', 21, 28, '2018-11-23 16:17:46'),
(12, 'proin risus praesent lectus', 26, 66, '2019-08-14 13:37:46'),
(13, 'cras non velit', 72, 88, '2018-07-21 16:17:47'),
(14, 'vitae nisi nam', 30, 52, '2021-03-26 20:17:47'),
(15, 'nibh in quis justo maecenas', 56, 9, '2020-10-18 02:57:47'),
(16, 'velit eu est congue elementum in', 18, 51, '2018-12-07 13:37:47'),
(17, 'nec sem duis', 18, 18, '2020-12-26 13:37:47'),
(18, 'nunc donec quis orci eget orci', 37, 97, '2020-07-26 18:57:47'),
(19, 'nisi volutpat eleifend donec ut', 12, 58, '2018-09-22 04:17:47'),
(20, 'pellentesque ultrices phasellus id sapien', 60, 58, '2020-06-29 00:17:47'),
(21, 'molestie hendrerit at vulputate vitae', 6, 83, '2019-02-01 02:57:47'),
(22, 'nulla mollis molestie lorem quisque ut', 39, 40, '2020-05-11 09:37:47'),
(23, 'vel augue vestibulum rutrum', 7, 71, '2020-01-07 09:37:47'),
(24, 'nulla sed vel enim sit', 15, 15, '2017-11-20 14:57:47'),
(25, 'suscipit a feugiat et', 45, 2, '2018-12-07 13:37:47'),
(26, 'nisl duis bibendum felis sed', 38, 69, '2019-10-29 22:57:47'),
(27, 'adipiscing elit proin risus', 61, 99, '2018-04-15 10:57:47'),
(28, 'suspendisse potenti nullam', 85, 33, '2018-09-29 02:57:47'),
(29, 'tincidunt in leo', 9, 60, '2018-06-10 00:17:47'),
(30, 'neque libero convallis', 34, 2, '2018-01-08 05:37:47'),
(31, 'in magna bibendum imperdiet nullam', 20, 38, '2018-11-02 20:17:47'),
(32, 'cras pellentesque volutpat dui maecenas tristique', 8, 18, '2019-12-24 12:17:47'),
(33, 'maecenas pulvinar lobortis est phasellus sit', 93, 60, '2017-10-23 20:17:47'),
(34, 'tempor turpis nec euismod scelerisque', 35, 9, '2019-05-09 08:17:47'),
(35, 'vestibulum ante ipsum primis in', 68, 63, '2018-06-10 00:17:47'),
(36, 'justo aliquam quis turpis', 4, 22, '2019-10-09 02:57:47'),
(37, 'rhoncus aliquam lacus morbi quis tortor', 58, 83, '2019-12-24 12:17:47'),
(38, 'quis turpis sed ante vivamus', 46, 43, '2019-09-18 06:57:47'),
(39, 'donec semper sapien a libero nam', 57, 40, '2019-12-24 12:17:47'),
(40, 'nulla tempus vivamus in felis', 65, 31, '2019-07-31 16:17:47'),
(41, 'ullamcorper purus sit amet nulla quisque', 55, 3, '2018-12-28 09:37:47'),
(42, 'at ipsum ac tellus', 98, 95, '2018-06-10 00:17:47'),
(43, 'volutpat dui maecenas tristique est et', 9, 54, '2018-10-13 00:17:47'),
(44, 'odio condimentum id luctus', 89, 27, '2019-07-10 20:17:47'),
(45, 'eu magna vulputate luctus cum sociis', 39, 90, '2019-09-18 06:57:47'),
(46, 'nonummy integer non velit donec diam', 5, 17, '2018-04-29 08:17:47'),
(47, 'fringilla rhoncus mauris', 47, 45, '2019-05-16 06:57:47'),
(48, 'lectus vestibulum quam sapien varius ut', 86, 86, '2020-12-12 16:17:47'),
(49, 'porttitor pede justo', 80, 76, '2017-12-18 09:37:47'),
(50, 'est quam pharetra', 56, 6, '2020-11-07 22:57:47'),
(51, 'nibh in lectus pellentesque at', 11, 56, '2019-07-24 17:37:47'),
(52, 'morbi a ipsum integer a nibh', 45, 80, '2019-10-23 00:17:47'),
(53, 'integer ac leo pellentesque ultrices', 59, 98, '2018-07-07 18:57:47'),
(54, 'curae duis faucibus accumsan odio', 94, 80, '2019-10-16 01:37:47'),
(55, 'lacus curabitur at ipsum ac', 91, 45, '2021-04-02 18:57:47'),
(56, 'risus dapibus augue vel accumsan tellus', 77, 5, '2018-07-21 16:17:47'),
(57, 'suspendisse ornare consequat', 3, 67, '2017-11-06 17:37:47'),
(58, 'tincidunt ante vel', 32, 37, '2020-03-02 22:57:47'),
(59, 'et ultrices posuere cubilia curae', 23, 24, '2018-04-01 13:37:47'),
(60, 'aliquet ultrices erat', 38, 58, '2019-06-06 02:57:47'),
(61, 'vulputate vitae nisl', 58, 70, '2017-12-25 08:17:47'),
(62, 'cubilia curae donec pharetra', 13, 26, '2019-11-19 18:57:47'),
(63, 'a nibh in quis justo', 33, 12, '2018-12-28 09:37:47'),
(64, 'ac neque duis bibendum morbi', 46, 3, '2019-11-12 20:17:47'),
(65, 'magnis dis parturient', 11, 10, '2018-11-09 18:57:47'),
(66, 'phasellus sit amet erat nulla', 16, 40, '2018-02-11 22:57:47'),
(67, 'sed interdum venenatis turpis enim', 26, 35, '2020-05-11 09:37:47'),
(68, 'tristique in tempus sit amet sem', 94, 79, '2019-10-02 04:17:47'),
(69, 'mauris non ligula pellentesque ultrices phasellus', 64, 25, '2020-07-26 18:57:47'),
(70, 'eget eleifend luctus ultricies', 85, 44, '2019-03-21 17:37:47'),
(71, 'eget tempus vel pede morbi', 35, 23, '2019-07-17 18:57:47'),
(72, 'a odio in hac habitasse platea', 63, 82, '2018-11-02 20:17:47'),
(73, 'pede ullamcorper augue a', 99, 34, '2020-06-01 05:37:47'),
(74, 'blandit mi in porttitor', 41, 60, '2021-03-19 21:37:47'),
(75, 'neque libero convallis eget eleifend luctus', 26, 44, '2018-01-15 04:17:47'),
(76, 'felis sed interdum', 15, 35, '2020-02-25 00:17:47'),
(77, 'nonummy maecenas tincidunt', 90, 60, '2017-10-30 18:57:47'),
(78, 'aenean lectus pellentesque eget', 5, 19, '2018-01-15 04:17:47'),
(79, 'volutpat in congue etiam', 10, 91, '2021-01-16 09:37:47'),
(80, 'elit proin interdum mauris non', 51, 90, '2020-12-05 17:37:47'),
(81, 'eget orci vehicula', 31, 51, '2018-06-16 22:57:47'),
(82, 'nisl nunc rhoncus dui vel', 66, 91, '2020-11-21 20:17:47'),
(83, 'augue aliquam erat volutpat', 54, 74, '2018-08-04 13:37:47'),
(84, 'justo sollicitudin ut suscipit a', 47, 36, '2018-01-01 06:57:47'),
(85, 'vestibulum vestibulum ante ipsum', 44, 48, '2018-06-30 20:17:47'),
(86, 'aliquam augue quam sollicitudin', 13, 40, '2018-07-07 18:57:47'),
(87, 'pellentesque quisque porta volutpat erat quisque', 45, 36, '2020-07-26 18:57:47'),
(88, 'erat fermentum justo nec condimentum', 60, 28, '2019-07-10 20:17:47'),
(89, 'vestibulum eget vulputate', 5, 4, '2017-08-15 09:37:47'),
(90, 'vel dapibus at diam nam tristique', 72, 73, '2020-04-27 12:17:47'),
(91, 'nulla mollis molestie', 4, 88, '2018-02-25 20:17:47'),
(92, 'ut nunc vestibulum ante', 54, 100, '2018-12-28 09:37:47'),
(93, 'nisi eu orci mauris lacinia', 29, 80, '2020-09-06 10:57:47'),
(94, 'a libero nam dui proin', 11, 49, '2020-09-20 08:17:47'),
(95, 'nec nisi volutpat eleifend', 33, 94, '2021-01-09 10:57:47'),
(96, 'odio condimentum id luctus nec', 11, 12, '2020-09-13 09:37:47'),
(97, 'non velit nec', 100, 78, '2019-04-04 14:57:47'),
(98, 'maecenas pulvinar lobortis est', 26, 35, '2020-08-02 17:37:47'),
(99, 'magnis dis parturient montes nascetur ridiculus', 4, 98, '2021-04-09 17:37:47'),
(100, 'condimentum id luctus nec molestie', 87, 84, '2018-09-29 02:57:47'),
(101, 'quisque porta volutpat', 66, 26, '2018-12-28 09:37:47'),
(102, 'viverra pede ac diam cras pellentesque', 8, 96, '2019-09-18 06:57:47'),
(103, 'tempus semper est quam pharetra', 99, 64, '2020-04-13 14:57:47'),
(104, 'facilisi cras non velit nec', 49, 92, '2017-08-01 12:17:47'),
(105, 'vulputate justo in blandit ultrices', 55, 8, '2018-10-06 01:37:47'),
(106, 'sem fusce consequat nulla nisl', 7, 3, '2018-03-11 17:37:47'),
(107, 'sem sed sagittis nam congue', 11, 28, '2020-07-19 20:17:47'),
(108, 'id lobortis convallis tortor', 7, 28, '2021-02-06 05:37:47'),
(109, 'pulvinar nulla pede', 32, 88, '2019-03-07 20:17:47'),
(110, 'a feugiat et eros', 27, 20, '2019-06-26 22:57:47'),
(111, 'tortor risus dapibus augue vel accumsan', 71, 58, '2019-10-29 22:57:47'),
(112, 'nec sem duis aliquam', 21, 53, '2021-01-30 06:57:47'),
(113, 'vestibulum ac est', 14, 7, '2020-03-16 20:17:47'),
(114, 'accumsan tellus nisi', 37, 52, '2018-12-28 09:37:47'),
(115, 'posuere cubilia curae mauris', 20, 92, '2020-11-14 21:37:47'),
(116, 'suspendisse potenti cras in purus eu', 67, 68, '2020-05-18 08:17:47'),
(117, 'pellentesque volutpat dui maecenas tristique est', 12, 12, '2018-01-15 04:17:47'),
(118, 'scelerisque mauris sit amet eros', 52, 99, '2019-02-08 01:37:47'),
(119, 'congue etiam justo etiam pretium iaculis', 9, 1, '2021-01-02 12:17:47'),
(120, 'nascetur ridiculus mus', 34, 85, '2020-10-04 05:37:47'),
(121, 'morbi non quam nec dui', 63, 2, '2018-01-29 01:37:47'),
(122, 'morbi non quam nec', 97, 38, '2020-09-13 09:37:47'),
(123, 'vehicula condimentum curabitur in libero ut', 67, 22, '2017-12-25 08:17:47'),
(124, 'tempus semper est quam', 90, 72, '2018-04-08 12:17:47'),
(125, 'est et tempus semper est quam', 32, 65, '2020-04-27 12:17:47'),
(126, 'vestibulum ante ipsum primis in', 92, 34, '2019-08-14 13:37:47'),
(127, 'vel enim sit amet nunc viverra', 30, 47, '2019-06-13 01:37:47'),
(128, 'nibh in lectus', 39, 87, '2017-12-04 12:17:47'),
(129, 'in faucibus orci luctus et', 32, 89, '2020-10-04 05:37:47'),
(130, 'semper interdum mauris ullamcorper purus', 45, 47, '2017-10-23 20:17:47'),
(131, 'turpis sed ante vivamus tortor', 43, 93, '2018-04-08 12:17:47'),
(132, 'viverra diam vitae quam suspendisse potenti', 98, 47, '2020-06-29 00:17:47'),
(133, 'justo sollicitudin ut', 51, 50, '2018-08-04 13:37:47'),
(134, 'ornare consequat lectus in est', 28, 85, '2018-04-15 10:57:47'),
(135, 'hac habitasse platea', 64, 71, '2018-10-13 00:17:47'),
(136, 'neque duis bibendum morbi non quam', 40, 20, '2021-02-06 05:37:47'),
(137, 'proin eu mi nulla', 89, 43, '2017-08-01 12:17:47'),
(138, 'purus sit amet', 61, 86, '2021-03-12 22:57:47'),
(139, 'tristique est et tempus semper est', 24, 88, '2019-02-21 22:57:47'),
(140, 'nulla ac enim in tempor turpis', 88, 79, '2017-11-06 17:37:47'),
(141, 'donec diam neque vestibulum eget vulputate', 37, 7, '2019-12-17 13:37:47'),
(142, 'porttitor id consequat', 22, 81, '2019-03-28 16:17:47'),
(143, 'elit proin interdum mauris', 9, 91, '2018-01-08 05:37:47'),
(144, 'turpis elementum ligula vehicula', 74, 72, '2018-06-03 01:37:47'),
(145, 'lacus morbi sem mauris', 61, 6, '2018-05-27 02:57:47'),
(146, 'curabitur convallis duis consequat', 40, 85, '2020-06-15 02:57:47'),
(147, 'mauris vulputate elementum nullam', 9, 50, '2020-09-06 10:57:47'),
(148, 'vulputate nonummy maecenas tincidunt lacus', 2, 67, '2017-11-27 13:37:47'),
(149, 'magna vestibulum aliquet', 48, 20, '2020-06-29 00:17:47'),
(150, 'tortor id nulla ultrices aliquet maecenas', 71, 17, '2019-09-25 05:37:47'),
(151, 'odio porttitor id consequat', 85, 26, '2020-07-12 21:37:47'),
(152, 'phasellus id sapien in sapien', 88, 21, '2019-09-04 09:37:47'),
(153, 'congue elementum in', 93, 60, '2018-11-02 20:17:47'),
(154, 'pulvinar sed nisl nunc rhoncus dui', 79, 13, '2019-08-14 13:37:47'),
(155, 'imperdiet nullam orci pede venenatis', 30, 93, '2019-09-04 09:37:47'),
(156, 'morbi a ipsum', 67, 82, '2019-10-23 00:17:47'),
(157, 'auctor gravida sem praesent id massa', 39, 97, '2018-01-01 06:57:47'),
(158, 'eget orci vehicula', 45, 47, '2018-12-21 10:57:47'),
(159, 'pede ac diam cras pellentesque', 43, 27, '2017-10-03 00:17:47'),
(160, 'tortor risus dapibus augue vel accumsan', 46, 54, '2019-04-11 13:37:47'),
(161, 'nullam porttitor lacus at turpis', 87, 16, '2019-10-09 02:57:47'),
(162, 'rhoncus mauris enim leo rhoncus sed', 71, 51, '2020-11-07 22:57:47'),
(163, 'viverra pede ac', 94, 36, '2020-03-02 22:57:47'),
(164, 'arcu sed augue aliquam erat volutpat', 14, 23, '2019-05-02 09:37:47'),
(165, 'sit amet consectetuer adipiscing elit proin', 26, 50, '2020-06-15 02:57:47'),
(166, 'phasellus id sapien in sapien', 100, 85, '2018-12-28 09:37:47'),
(167, 'enim leo rhoncus sed vestibulum', 35, 11, '2018-08-04 13:37:47'),
(168, 'non mi integer ac neque duis', 98, 17, '2018-08-18 10:57:47'),
(169, 'euismod scelerisque quam turpis', 66, 38, '2019-02-21 22:57:47'),
(170, 'orci luctus et ultrices posuere', 18, 90, '2018-04-15 10:57:47'),
(171, 'maecenas leo odio condimentum id', 84, 16, '2018-11-02 20:17:47'),
(172, 'sapien dignissim vestibulum vestibulum', 26, 98, '2021-01-23 08:17:47'),
(173, 'porttitor lorem id ligula suspendisse ornare', 75, 27, '2018-10-06 01:37:47'),
(174, 'orci mauris lacinia sapien quis libero', 43, 56, '2018-03-25 14:57:47'),
(175, 'at dolor quis odio consequat varius', 53, 22, '2017-11-20 14:57:47'),
(176, 'non lectus aliquam sit amet diam', 84, 10, '2020-08-23 13:37:47'),
(177, 'rutrum neque aenean', 71, 57, '2021-03-26 20:17:47'),
(178, 'donec ut dolor morbi vel lectus', 2, 80, '2020-06-29 00:17:47'),
(179, 'curae duis faucibus', 5, 86, '2020-05-04 10:57:47'),
(180, 'rhoncus dui vel', 89, 44, '2017-09-05 05:37:47'),
(181, 'odio justo sollicitudin ut suscipit', 34, 95, '2018-04-29 08:17:47'),
(182, 'erat id mauris vulputate elementum nullam', 9, 80, '2020-03-16 20:17:47'),
(183, 'duis at velit eu est congue', 75, 94, '2018-05-06 06:57:47'),
(184, 'integer pede justo lacinia eget', 68, 66, '2019-10-16 01:37:47'),
(185, 'eu est congue elementum', 7, 8, '2020-10-04 05:37:47'),
(186, 'sapien cursus vestibulum proin', 53, 75, '2020-08-02 17:37:47'),
(187, 'pulvinar sed nisl nunc', 91, 25, '2020-07-05 22:57:47'),
(188, 'posuere metus vitae', 6, 15, '2019-02-21 22:57:47'),
(189, 'ut rhoncus aliquet', 44, 9, '2019-01-04 08:17:47'),
(190, 'sit amet nunc viverra dapibus', 50, 53, '2020-04-13 14:57:47'),
(191, 'venenatis tristique fusce congue diam', 37, 55, '2020-12-05 17:37:47'),
(192, 'ut suscipit a feugiat et eros', 52, 20, '2018-09-22 04:17:47'),
(193, 'in purus eu magna vulputate luctus', 78, 62, '2017-12-04 12:17:47'),
(194, 'sed justo pellentesque viverra pede ac', 50, 70, '2020-01-21 06:57:47'),
(195, 'morbi porttitor lorem id', 5, 27, '2017-08-29 06:57:47'),
(196, 'vestibulum eget vulputate ut ultrices', 49, 35, '2020-12-05 17:37:47'),
(197, 'aliquet pulvinar sed nisl nunc', 9, 28, '2019-01-25 04:17:47'),
(198, 'sit amet eleifend', 61, 65, '2020-02-25 00:17:47'),
(199, 'turpis elementum ligula vehicula consequat morbi', 67, 73, '2017-12-18 09:37:47'),
(200, 'eu interdum eu', 92, 55, '2017-07-18 14:57:47'),
(201, 'aliquam convallis nunc proin', 67, 1, '2021-01-16 09:37:47'),
(202, 'vestibulum sed magna at', 90, 71, '2018-07-28 14:57:47'),
(203, 'vitae mattis nibh ligula nec', 46, 85, '2018-09-01 08:17:47'),
(204, 'imperdiet sapien urna pretium nisl', 96, 97, '2019-05-09 08:17:47'),
(205, 'nulla ut erat', 53, 80, '2020-10-04 05:37:47'),
(206, 'ipsum primis in', 20, 28, '2021-01-16 09:37:47'),
(207, 'potenti nullam porttitor', 92, 52, '2019-04-18 12:17:47'),
(208, 'eros viverra eget', 6, 89, '2020-11-07 22:57:47'),
(209, 'libero nam dui proin leo odio', 55, 10, '2017-09-19 02:57:47'),
(210, 'vitae quam suspendisse', 8, 56, '2018-11-02 20:17:47'),
(211, 'ullamcorper augue a suscipit', 50, 6, '2018-07-28 14:57:47'),
(212, 'rhoncus aliquam lacus', 91, 39, '2021-04-16 16:17:47'),
(213, 'nam congue risus semper', 42, 34, '2019-07-03 21:37:47'),
(214, 'urna ut tellus nulla ut erat', 83, 79, '2020-06-29 00:17:47'),
(215, 'ultrices libero non mattis', 56, 67, '2018-06-16 22:57:47'),
(216, 'ultricies eu nibh quisque id', 69, 89, '2020-02-11 02:57:47'),
(217, 'ac leo pellentesque ultrices mattis odio', 3, 85, '2018-12-21 10:57:47'),
(218, 'non lectus aliquam sit amet', 3, 25, '2018-11-30 14:57:47'),
(219, 'velit donec diam neque vestibulum eget', 28, 77, '2019-01-25 04:17:47'),
(220, 'nam nulla integer', 77, 96, '2019-06-13 01:37:47'),
(221, 'pretium iaculis diam erat fermentum', 17, 25, '2019-06-06 02:57:47'),
(222, 'pellentesque quisque porta', 26, 93, '2019-09-11 08:17:47'),
(223, 'id lobortis convallis tortor risus dapibus', 41, 2, '2019-01-11 06:57:47'),
(224, 'sapien varius ut blandit', 37, 26, '2020-08-09 16:17:47'),
(225, 'proin eu mi nulla ac', 14, 24, '2018-01-15 04:17:47'),
(226, 'in ante vestibulum', 79, 69, '2020-09-13 09:37:47'),
(227, 'sagittis sapien cum sociis natoque', 11, 35, '2021-01-30 06:57:47'),
(228, 'lectus pellentesque at nulla suspendisse', 49, 9, '2018-04-08 12:17:47'),
(229, 'curabitur gravida nisi at nibh in', 28, 81, '2017-07-11 16:17:47'),
(230, 'nisi volutpat eleifend donec', 17, 33, '2018-07-07 18:57:47'),
(231, 'donec quis orci', 44, 80, '2019-11-19 18:57:47'),
(232, 'commodo vulputate justo', 58, 56, '2020-06-29 00:17:47'),
(233, 'dui vel sem sed sagittis nam', 48, 62, '2018-08-11 12:17:47'),
(234, 'blandit non interdum in', 64, 62, '2017-10-30 18:57:47'),
(235, 'ipsum ac tellus semper', 97, 88, '2017-09-19 02:57:47'),
(236, 'non sodales sed tincidunt', 69, 51, '2020-06-15 02:57:47'),
(237, 'erat vestibulum sed magna', 6, 74, '2018-12-07 13:37:47'),
(238, 'fusce consequat nulla', 84, 29, '2020-11-14 21:37:47'),
(239, 'quis justo maecenas rhoncus aliquam lacus', 44, 48, '2019-07-31 16:17:47'),
(240, 'non mattis pulvinar nulla pede', 58, 8, '2017-07-11 16:17:47'),
(241, 'aliquet maecenas leo', 85, 47, '2019-01-25 04:17:47'),
(242, 'eu sapien cursus', 40, 90, '2020-01-21 06:57:47'),
(243, 'blandit mi in porttitor pede justo', 34, 56, '2019-11-19 18:57:47'),
(244, 'morbi sem mauris', 43, 64, '2020-02-04 04:17:47'),
(245, 'blandit lacinia erat vestibulum sed', 1, 14, '2021-03-26 20:17:47'),
(246, 'sem sed sagittis nam congue risus', 95, 15, '2020-10-25 01:37:47'),
(247, 'amet sem fusce', 59, 76, '2019-05-30 04:17:47'),
(248, 'justo etiam pretium', 44, 5, '2018-02-25 20:17:47'),
(249, 'libero convallis eget', 34, 34, '2020-10-25 01:37:47'),
(250, 'diam cras pellentesque volutpat', 33, 80, '2018-11-16 17:37:47'),
(251, 'pretium iaculis diam erat', 63, 41, '2019-11-26 17:37:47'),
(252, 'semper porta volutpat quam pede lobortis', 54, 29, '2019-05-30 04:17:47'),
(253, 'erat volutpat in congue etiam justo', 35, 30, '2017-08-22 08:17:47'),
(254, 'volutpat in congue etiam justo', 8, 2, '2018-06-10 00:17:47'),
(255, 'quam suspendisse potenti nullam porttitor', 92, 39, '2020-06-29 00:17:47'),
(256, 'eu orci mauris lacinia sapien quis', 36, 47, '2019-07-24 17:37:47'),
(257, 'platea dictumst morbi vestibulum velit id', 60, 13, '2019-06-13 01:37:47'),
(258, 'interdum eu tincidunt in leo maecenas', 15, 9, '2019-06-06 02:57:47'),
(259, 'aliquam lacus morbi', 83, 45, '2020-08-09 16:17:47'),
(260, 'tincidunt eu felis', 90, 28, '2020-06-01 05:37:47'),
(261, 'platea dictumst maecenas ut massa quis', 68, 65, '2019-06-06 02:57:47'),
(262, 'eleifend donec ut dolor morbi vel', 46, 14, '2020-02-04 04:17:47'),
(263, 'ut nunc vestibulum ante ipsum primis', 4, 57, '2020-04-13 14:57:47'),
(264, 'adipiscing elit proin', 24, 100, '2020-12-19 14:57:47'),
(265, 'odio porttitor id consequat in', 87, 51, '2020-03-16 20:17:47'),
(266, 'orci vehicula condimentum curabitur in libero', 32, 39, '2018-02-05 00:17:47'),
(267, 'integer a nibh', 76, 71, '2017-08-22 08:17:47'),
(268, 'tempus sit amet sem fusce', 16, 98, '2017-11-20 14:57:47'),
(269, 'massa quis augue luctus tincidunt nulla', 64, 13, '2020-01-21 06:57:47'),
(270, 'sapien arcu sed', 34, 56, '2019-11-26 17:37:47'),
(271, 'ac leo pellentesque ultrices mattis odio', 45, 62, '2018-03-11 17:37:47'),
(272, 'massa tempor convallis nulla', 45, 36, '2019-10-23 00:17:47'),
(273, 'fusce congue diam', 50, 92, '2019-10-23 00:17:47'),
(274, 'id massa id nisl venenatis', 45, 47, '2019-01-04 08:17:47'),
(275, 'non mattis pulvinar nulla pede ullamcorper', 19, 74, '2018-02-11 22:57:47'),
(276, 'orci pede venenatis non sodales', 24, 18, '2017-12-18 09:37:47'),
(277, 'et tempus semper est quam pharetra', 60, 72, '2019-11-12 20:17:47'),
(278, 'turpis nec euismod scelerisque quam turpis', 23, 55, '2019-06-26 22:57:47'),
(279, 'velit nec nisi vulputate', 100, 63, '2018-05-13 05:37:47'),
(280, 'habitasse platea dictumst aliquam augue quam', 40, 76, '2019-03-14 18:57:47'),
(281, 'viverra diam vitae quam', 17, 85, '2018-04-22 09:37:47'),
(282, 'vulputate vitae nisl aenean lectus pellentesque', 31, 89, '2017-12-11 10:57:47'),
(283, 'vehicula consequat morbi a ipsum integer', 39, 79, '2018-09-22 04:17:47'),
(284, 'parturient montes nascetur ridiculus mus vivamus', 30, 93, '2021-04-23 14:57:47'),
(285, 'molestie lorem quisque ut erat curabitur', 80, 3, '2020-09-20 08:17:47'),
(286, 'bibendum imperdiet nullam', 29, 33, '2019-07-24 17:37:47'),
(287, 'condimentum id luctus', 80, 58, '2019-08-14 13:37:47'),
(288, 'placerat ante nulla justo aliquam', 48, 3, '2019-03-07 20:17:47'),
(289, 'sit amet lobortis', 68, 99, '2021-01-09 10:57:47'),
(290, 'dui proin leo odio', 15, 22, '2018-05-13 05:37:47'),
(291, 'vulputate justo in blandit ultrices', 40, 71, '2019-12-17 13:37:47'),
(292, 'nisi eu orci mauris', 48, 93, '2017-07-18 14:57:47'),
(293, 'ultrices vel augue vestibulum', 46, 2, '2018-07-07 18:57:47'),
(294, 'vel est donec odio justo sollicitudin', 4, 57, '2020-06-22 01:37:47'),
(295, 'erat tortor sollicitudin mi', 34, 66, '2020-02-11 02:57:47'),
(296, 'integer ac neque duis', 71, 1, '2021-01-02 12:17:47'),
(297, 'lorem integer tincidunt ante', 67, 55, '2017-10-03 00:17:47'),
(298, 'erat id mauris', 51, 86, '2020-09-27 06:57:47'),
(299, 'diam in magna bibendum imperdiet', 86, 70, '2017-08-29 06:57:47'),
(300, 'id mauris vulputate elementum nullam varius', 22, 32, '2020-10-25 01:37:47'),
(301, 'amet turpis elementum ligula vehicula consequat', 3, 13, '2020-10-18 02:57:47'),
(302, 'arcu sed augue', 85, 18, '2019-08-07 14:57:47'),
(303, 'ultrices posuere cubilia curae duis faucibus', 33, 26, '2021-02-06 05:37:47'),
(304, 'quam a odio in', 14, 58, '2020-01-14 08:17:47'),
(305, 'ut mauris eget massa', 43, 73, '2020-07-19 20:17:47'),
(306, 'augue vestibulum ante', 8, 73, '2020-10-18 02:57:47'),
(307, 'tincidunt ante vel ipsum praesent', 1, 2, '2018-09-22 04:17:47'),
(308, 'eros viverra eget congue eget', 65, 22, '2018-05-27 02:57:47'),
(309, 'aliquam lacus morbi quis', 6, 46, '2019-03-21 17:37:47'),
(310, 'vestibulum sagittis sapien cum sociis natoque', 22, 82, '2019-09-25 05:37:47'),
(311, 'vivamus in felis eu sapien cursus', 79, 76, '2020-02-18 01:37:47'),
(312, 'non pretium quis lectus suspendisse potenti', 32, 35, '2020-07-19 20:17:47'),
(313, 'quisque id justo sit amet sapien', 28, 54, '2020-03-02 22:57:47'),
(314, 'sed tristique in tempus sit amet', 14, 30, '2021-01-30 06:57:47'),
(315, 'maecenas tincidunt lacus at velit', 92, 97, '2021-01-02 12:17:47'),
(316, 'fringilla rhoncus mauris enim leo rhoncus', 22, 12, '2018-09-29 02:57:47'),
(317, 'neque vestibulum eget', 52, 11, '2017-11-20 14:57:47'),
(318, 'quis augue luctus tincidunt', 25, 14, '2018-12-28 09:37:47'),
(319, 'cubilia curae duis faucibus accumsan odio', 4, 13, '2019-06-06 02:57:47'),
(320, 'eleifend quam a odio', 19, 58, '2020-03-09 21:37:47'),
(321, 'integer pede justo lacinia', 97, 18, '2020-12-12 16:17:47'),
(322, 'quisque id justo', 25, 55, '2021-03-06 00:17:47'),
(323, 'id consequat in', 65, 44, '2020-12-19 14:57:47'),
(324, 'sapien varius ut', 59, 4, '2020-09-20 08:17:47'),
(325, 'tincidunt nulla mollis molestie lorem quisque', 16, 12, '2020-04-13 14:57:47'),
(326, 'est congue elementum in hac habitasse', 11, 26, '2021-03-06 00:17:47'),
(327, 'commodo placerat praesent blandit nam nulla', 37, 19, '2019-09-11 08:17:47'),
(328, 'eu sapien cursus vestibulum proin eu', 51, 40, '2019-12-24 12:17:47'),
(329, 'enim blandit mi in porttitor pede', 11, 48, '2018-01-29 01:37:47'),
(330, 'morbi a ipsum', 77, 5, '2018-04-15 10:57:47'),
(331, 'at ipsum ac tellus semper interdum', 82, 29, '2020-02-25 00:17:47'),
(332, 'sit amet nunc viverra', 75, 8, '2018-08-18 10:57:47'),
(333, 'fusce congue diam', 55, 23, '2020-07-19 20:17:47'),
(334, 'felis sed lacus morbi sem mauris', 95, 83, '2019-02-28 21:37:47'),
(335, 'turpis a pede posuere nonummy integer', 97, 38, '2018-02-25 20:17:47'),
(336, 'massa donec dapibus duis at', 68, 36, '2019-12-03 16:17:47'),
(337, 'molestie nibh in lectus pellentesque', 46, 13, '2019-03-28 16:17:47'),
(338, 'in hac habitasse platea dictumst', 83, 55, '2019-02-21 22:57:47'),
(339, 'mi pede malesuada', 7, 13, '2018-04-08 12:17:47'),
(340, 'interdum in ante', 12, 93, '2019-12-10 14:57:47'),
(341, 'in hac habitasse platea dictumst', 48, 69, '2020-02-18 01:37:47'),
(342, 'pede ullamcorper augue a', 90, 96, '2020-09-13 09:37:47'),
(343, 'leo pellentesque ultrices mattis odio donec', 72, 98, '2019-12-17 13:37:47'),
(344, 'integer ac leo pellentesque ultrices mattis', 8, 28, '2019-03-07 20:17:47'),
(345, 'convallis duis consequat dui nec', 83, 87, '2018-04-08 12:17:47'),
(346, 'dictumst etiam faucibus cursus urna', 32, 82, '2018-04-22 09:37:47'),
(347, 'cras mi pede', 90, 93, '2019-07-17 18:57:47'),
(348, 'arcu sed augue aliquam erat volutpat', 79, 60, '2019-04-04 14:57:47'),
(349, 'dis parturient montes', 15, 9, '2017-08-01 12:17:48'),
(350, 'integer non velit', 91, 15, '2020-10-25 01:37:48'),
(351, 'sit amet erat', 6, 84, '2017-09-26 01:37:48'),
(352, 'curae duis faucibus accumsan', 27, 27, '2018-07-07 18:57:48'),
(353, 'interdum eu tincidunt', 41, 53, '2017-10-09 22:57:48'),
(354, 'at nulla suspendisse potenti cras', 88, 89, '2020-04-06 16:17:48'),
(355, 'interdum mauris non', 44, 84, '2021-01-09 10:57:48'),
(356, 'est donec odio justo sollicitudin', 83, 69, '2020-06-22 01:37:48'),
(357, 'nisl aenean lectus pellentesque', 67, 33, '2019-12-24 12:17:48'),
(358, 'turpis nec euismod scelerisque quam', 94, 73, '2017-08-15 09:37:48'),
(359, 'vel sem sed sagittis', 54, 51, '2019-11-05 21:37:48'),
(360, 'bibendum felis sed interdum', 99, 2, '2019-02-15 00:17:48'),
(361, 'quis orci nullam', 8, 98, '2020-11-14 21:37:48'),
(362, 'nibh in quis justo maecenas', 64, 63, '2017-09-12 04:17:48'),
(363, 'orci eget orci vehicula condimentum curabitur', 77, 90, '2020-04-13 14:57:48'),
(364, 'curae mauris viverra diam vitae quam', 2, 50, '2020-07-05 22:57:48'),
(365, 'nulla ac enim', 98, 98, '2017-10-30 18:57:48'),
(366, 'sed vel enim sit', 96, 50, '2020-10-04 05:37:48'),
(367, 'id nulla ultrices aliquet maecenas', 9, 28, '2018-11-30 14:57:48'),
(368, 'consequat nulla nisl nunc nisl duis', 49, 60, '2020-06-01 05:37:48'),
(369, 'justo sollicitudin ut suscipit', 66, 78, '2019-02-28 21:37:48'),
(370, 'phasellus id sapien in sapien', 49, 19, '2020-06-08 04:17:48'),
(371, 'convallis eget eleifend luctus', 4, 78, '2020-01-14 08:17:48'),
(372, 'amet consectetuer adipiscing elit proin risus', 42, 60, '2019-08-07 14:57:48'),
(373, 'nibh in lectus pellentesque at', 52, 49, '2020-04-06 16:17:48'),
(374, 'aenean lectus pellentesque eget nunc donec', 54, 92, '2018-11-09 18:57:48'),
(375, 'aliquam erat volutpat in', 38, 100, '2020-07-05 22:57:48'),
(376, 'sapien dignissim vestibulum vestibulum ante ipsum', 49, 6, '2019-03-28 16:17:48'),
(377, 'justo maecenas rhoncus aliquam lacus', 15, 57, '2021-02-20 02:57:48'),
(378, 'turpis donec posuere metus vitae ipsum', 88, 34, '2020-12-26 13:37:48'),
(379, 'quisque id justo', 25, 27, '2021-01-30 06:57:48'),
(380, 'a libero nam dui', 69, 47, '2020-09-13 09:37:48'),
(381, 'sit amet eleifend pede libero quis', 79, 45, '2019-02-21 22:57:48'),
(382, 'tempus vel pede morbi porttitor lorem', 66, 51, '2020-07-26 18:57:48'),
(383, 'quisque arcu libero rutrum ac', 58, 27, '2020-01-14 08:17:48'),
(384, 'tellus semper interdum mauris ullamcorper purus', 76, 53, '2020-05-04 10:57:48'),
(385, 'lacus at velit vivamus vel', 40, 83, '2020-01-07 09:37:48'),
(386, 'hac habitasse platea dictumst etiam', 80, 32, '2017-12-18 09:37:48'),
(387, 'erat tortor sollicitudin mi sit amet', 18, 96, '2018-05-06 06:57:48'),
(388, 'convallis eget eleifend luctus', 98, 1, '2019-09-04 09:37:48'),
(389, 'maecenas pulvinar lobortis est phasellus', 97, 64, '2018-07-21 16:17:48'),
(390, 'etiam vel augue vestibulum', 84, 18, '2018-10-19 22:57:48'),
(391, 'magna vulputate luctus cum', 20, 89, '2019-08-14 13:37:48'),
(392, 'eget rutrum at lorem integer tincidunt', 27, 58, '2017-11-13 16:17:48'),
(393, 'duis bibendum morbi non quam', 76, 51, '2018-01-01 06:57:48'),
(394, 'sapien ut nunc', 33, 81, '2018-01-22 02:57:48'),
(395, 'volutpat in congue etiam justo etiam', 62, 20, '2021-02-27 01:37:48'),
(396, 'varius nulla facilisi cras non', 67, 31, '2019-07-31 16:17:48'),
(397, 'lobortis est phasellus sit amet erat', 66, 82, '2020-04-27 12:17:48'),
(398, 'nunc commodo placerat', 15, 79, '2020-01-21 06:57:48'),
(399, 'tincidunt eget tempus', 58, 36, '2019-09-25 05:37:48'),
(400, 'morbi sem mauris laoreet ut', 35, 37, '2019-03-21 17:37:48'),
(401, 'nisl nunc rhoncus', 61, 87, '2021-04-09 17:37:48'),
(402, 'amet eleifend pede libero', 90, 70, '2019-07-31 16:17:48'),
(403, 'cursus id turpis', 30, 48, '2018-04-29 08:17:48'),
(404, 'donec posuere metus vitae ipsum aliquam', 41, 4, '2018-11-09 18:57:48'),
(405, 'quam pharetra magna ac consequat', 54, 14, '2020-11-01 00:17:48'),
(406, 'augue a suscipit nulla elit ac', 92, 60, '2019-11-05 21:37:48'),
(407, 'interdum mauris ullamcorper', 21, 48, '2019-06-13 01:37:48'),
(408, 'bibendum imperdiet nullam orci pede', 31, 47, '2020-03-16 20:17:48'),
(409, 'vitae quam suspendisse potenti', 17, 91, '2020-02-25 00:17:48'),
(410, 'sapien non mi integer ac neque', 83, 47, '2019-03-14 18:57:48'),
(411, 'mi in porttitor pede', 85, 74, '2018-04-15 10:57:48'),
(412, 'tristique fusce congue diam id', 31, 32, '2019-10-09 02:57:48'),
(413, 'nec sem duis', 77, 72, '2019-10-02 04:17:48'),
(414, 'nulla ut erat id', 65, 16, '2019-12-03 16:17:48'),
(415, 'tortor id nulla ultrices aliquet maecenas', 100, 83, '2018-06-03 01:37:48'),
(416, 'sem mauris laoreet', 53, 78, '2018-12-28 09:37:48'),
(417, 'fusce consequat nulla nisl', 93, 44, '2019-05-23 05:37:48'),
(418, 'pede posuere nonummy integer non velit', 47, 49, '2020-10-25 01:37:48'),
(419, 'venenatis tristique fusce congue diam id', 64, 9, '2020-11-14 21:37:48'),
(420, 'ut rhoncus aliquet pulvinar sed nisl', 98, 91, '2020-04-13 14:57:48'),
(421, 'hendrerit at vulputate', 52, 50, '2018-01-01 06:57:48'),
(422, 'nec molestie sed', 23, 15, '2020-06-08 04:17:48'),
(423, 'diam id ornare imperdiet', 83, 80, '2019-05-23 05:37:48'),
(424, 'sit amet cursus id turpis', 34, 78, '2019-04-18 12:17:48'),
(425, 'porttitor lorem id', 22, 85, '2017-08-22 08:17:48'),
(426, 'justo sollicitudin ut suscipit', 89, 22, '2018-04-22 09:37:48'),
(427, 'justo morbi ut odio cras', 68, 59, '2019-01-18 05:37:48'),
(428, 'est lacinia nisi venenatis tristique', 54, 78, '2020-11-07 22:57:48'),
(429, 'sollicitudin mi sit amet', 50, 48, '2018-11-23 16:17:48'),
(430, 'dolor quis odio', 86, 38, '2019-07-10 20:17:48'),
(431, 'aenean auctor gravida sem', 84, 75, '2018-01-01 06:57:48'),
(432, 'sapien in sapien iaculis', 7, 65, '2018-11-09 18:57:48'),
(433, 'tortor id nulla', 73, 18, '2020-05-11 09:37:48'),
(434, 'nulla quisque arcu libero', 26, 30, '2021-03-19 21:37:48'),
(435, 'at velit vivamus vel', 91, 35, '2021-01-30 06:57:48'),
(436, 'in est risus auctor', 84, 9, '2017-12-11 10:57:48'),
(437, 'est risus auctor sed tristique', 62, 77, '2018-06-10 00:17:48'),
(438, 'adipiscing elit proin interdum', 13, 98, '2020-03-02 22:57:48'),
(439, 'vel accumsan tellus nisi eu', 70, 32, '2020-09-06 10:57:48'),
(440, 'quam a odio in hac habitasse', 83, 68, '2020-02-04 04:17:48'),
(441, 'suspendisse accumsan tortor', 83, 74, '2020-12-05 17:37:48'),
(442, 'ornare consequat lectus in est risus', 73, 64, '2017-07-25 13:37:48'),
(443, 'odio porttitor id consequat in consequat', 83, 11, '2019-11-12 20:17:48'),
(444, 'in purus eu magna', 82, 98, '2019-01-25 04:17:48'),
(445, 'urna ut tellus', 45, 80, '2020-07-05 22:57:48'),
(446, 'quis turpis eget elit sodales', 61, 16, '2019-05-30 04:17:48'),
(447, 'tristique in tempus sit amet sem', 94, 7, '2018-11-16 17:37:48'),
(448, 'risus auctor sed tristique in tempus', 38, 12, '2019-02-28 21:37:48'),
(449, 'nisl venenatis lacinia', 56, 18, '2021-03-06 00:17:48'),
(450, 'justo nec condimentum neque sapien placerat', 41, 54, '2019-02-15 00:17:48'),
(451, 'quis libero nullam sit', 42, 80, '2020-06-29 00:17:48'),
(452, 'platea dictumst morbi', 24, 74, '2019-02-15 00:17:48'),
(453, 'felis eu sapien cursus vestibulum proin', 82, 87, '2019-10-02 04:17:48'),
(454, 'maecenas tincidunt lacus', 68, 30, '2019-01-18 05:37:48'),
(455, 'sit amet consectetuer adipiscing', 75, 47, '2018-06-03 01:37:48'),
(456, 'ultrices phasellus id sapien', 83, 82, '2019-12-17 13:37:48'),
(457, 'pellentesque eget nunc donec quis', 50, 89, '2018-04-08 12:17:48'),
(458, 'sem mauris laoreet', 81, 54, '2019-07-31 16:17:48'),
(459, 'et commodo vulputate justo in blandit', 28, 53, '2020-10-04 05:37:48'),
(460, 'sapien placerat ante nulla justo aliquam', 67, 83, '2021-01-23 08:17:48'),
(461, 'mattis nibh ligula nec', 53, 30, '2021-03-12 22:57:48'),
(462, 'cras pellentesque volutpat', 32, 49, '2018-07-21 16:17:48'),
(463, 'sed justo pellentesque viverra', 21, 49, '2018-01-01 06:57:48'),
(464, 'aenean sit amet', 53, 88, '2018-12-14 12:17:48'),
(465, 'mattis odio donec vitae nisi nam', 72, 9, '2019-10-09 02:57:48'),
(466, 'elementum in hac habitasse platea dictumst', 83, 53, '2017-10-09 22:57:48'),
(467, 'justo morbi ut odio cras', 15, 24, '2019-09-11 08:17:48'),
(468, 'elementum nullam varius nulla facilisi cras', 50, 22, '2020-12-19 14:57:48'),
(469, 'et ultrices posuere cubilia curae nulla', 83, 68, '2017-11-27 13:37:48'),
(470, 'natoque penatibus et magnis dis', 78, 67, '2021-04-23 14:57:48'),
(471, 'blandit ultrices enim lorem ipsum', 53, 19, '2020-07-12 21:37:48'),
(472, 'massa quis augue luctus tincidunt', 89, 56, '2021-01-30 06:57:48'),
(473, 'libero rutrum ac', 58, 93, '2018-01-08 05:37:48'),
(474, 'pretium nisl ut volutpat sapien', 84, 36, '2020-03-16 20:17:48'),
(475, 'nunc vestibulum ante ipsum primis', 25, 39, '2019-02-28 21:37:48'),
(476, 'erat curabitur gravida', 8, 87, '2019-10-29 22:57:48'),
(477, 'erat quisque erat eros viverra', 50, 31, '2021-03-26 20:17:48'),
(478, 'est congue elementum in', 81, 39, '2019-05-02 09:37:48'),
(479, 'enim blandit mi in porttitor', 73, 47, '2021-01-02 12:17:48'),
(480, 'vulputate luctus cum', 89, 82, '2018-11-09 18:57:48'),
(481, 'consequat metus sapien ut nunc vestibulum', 29, 91, '2020-04-20 13:37:48'),
(482, 'pellentesque at nulla suspendisse potenti cras', 71, 36, '2018-09-08 06:57:48'),
(483, 'vivamus vestibulum sagittis sapien cum sociis', 66, 66, '2018-01-22 02:57:48'),
(484, 'gravida sem praesent id massa id', 64, 26, '2018-06-30 20:17:48'),
(485, 'primis in faucibus', 35, 21, '2018-11-09 18:57:48'),
(486, 'proin risus praesent', 88, 47, '2020-03-09 21:37:48'),
(487, 'diam neque vestibulum eget vulputate', 73, 95, '2019-12-31 10:57:48'),
(488, 'nullam orci pede', 23, 61, '2018-08-04 13:37:48'),
(489, 'in quis justo maecenas rhoncus aliquam', 23, 24, '2019-06-20 00:17:48'),
(490, 'libero convallis eget', 33, 68, '2020-10-18 02:57:48'),
(491, 'viverra dapibus nulla suscipit ligula in', 28, 46, '2020-04-20 13:37:48'),
(492, 'tellus nisi eu', 75, 92, '2020-07-05 22:57:48'),
(493, 'nam nulla integer', 47, 81, '2020-07-05 22:57:48'),
(494, 'nascetur ridiculus mus etiam vel', 84, 67, '2018-06-16 22:57:48'),
(495, 'aenean fermentum donec ut mauris eget', 92, 17, '2018-08-04 13:37:48'),
(496, 'id sapien in', 2, 13, '2018-09-08 06:57:48'),
(497, 'donec ut mauris eget', 67, 12, '2020-01-14 08:17:48'),
(498, 'imperdiet nullam orci pede venenatis non', 59, 87, '2020-07-19 20:17:48'),
(499, 'diam cras pellentesque volutpat', 56, 32, '2020-06-15 02:57:48'),
(500, 'volutpat convallis morbi odio odio', 25, 37, '2019-02-21 22:57:48');

-- --------------------------------------------------------

--
-- Estructura de tabla para la tabla `users`
--

CREATE TABLE `users` (
  `id` int(10) UNSIGNED NOT NULL,
  `image` varchar(255) DEFAULT NULL,
  `name` varchar(255) NOT NULL,
  `last_name` varchar(255) NOT NULL,
  `email` varchar(255) NOT NULL,
  `password` varchar(255) NOT NULL
) ENGINE=InnoDB DEFAULT CHARSET=latin1;

--
-- Volcado de datos para la tabla `users`
--

INSERT INTO `users` (`id`, `image`, `name`, `last_name`, `email`, `password`) VALUES
(1, 'http://dummyimage.com/128x100.png/cc0000/ffffff', 'mgiberd0', 'Myrta Giberd', 'mgiberd0@123-reg.co.uk', 'aoZzdeoedQ'),
(2, 'http://dummyimage.com/244x100.png/cc0000/ffffff', 'ldeeny1', 'Lynette Deeny', 'ldeeny1@printfriendly.com', 'WY5KNC'),
(3, 'http://dummyimage.com/234x100.png/dddddd/000000', 'dmcnirlan2', 'Dorolice McNirlan', 'dmcnirlan2@storify.com', 'Y46StLX6pz'),
(4, 'http://dummyimage.com/180x100.png/dddddd/000000', 'ftomlins3', 'Fancie Tomlins', 'ftomlins3@nifty.com', 'lQXHLTeh'),
(5, 'http://dummyimage.com/111x100.png/ff4444/ffffff', 'atomsa4', 'Ardisj Tomsa', 'atomsa4@naver.com', 'qyO0E6Y'),
(6, 'http://dummyimage.com/244x100.png/cc0000/ffffff', 'blabell5', 'Bethany Labell', 'blabell5@seattletimes.com', 'DS9aiSHCmK8'),
(7, 'http://dummyimage.com/221x100.png/dddddd/000000', 'amaloney6', 'Adoree Maloney', 'amaloney6@abc.net.au', 'SYkrqRuM'),
(8, 'http://dummyimage.com/213x100.png/cc0000/ffffff', 'bnewbatt7', 'Brandon Newbatt', 'bnewbatt7@addtoany.com', 'hhdrIq8yXJ'),
(9, 'http://dummyimage.com/140x100.png/ff4444/ffffff', 'gsnelman8', 'Glynis Snelman', 'gsnelman8@washingtonpost.com', 'HKbRyQl3m'),
(10, 'http://dummyimage.com/218x100.png/5fa2dd/ffffff', 'churdwell9', 'Cynde Hurdwell', 'churdwell9@lycos.com', 'Xdsu2OU'),
(11, 'http://dummyimage.com/107x100.png/cc0000/ffffff', 'gshafea', 'Gladys Shafe', 'gshafea@samsung.com', 'JldYwq7'),
(12, 'http://dummyimage.com/146x100.png/dddddd/000000', 'fbackshallb', 'Fonz Backshall', 'fbackshallb@cafepress.com', 'MEJMCIQ3tXK'),
(13, 'http://dummyimage.com/244x100.png/cc0000/ffffff', 'dfansyc', 'Diahann Fansy', 'dfansyc@ucla.edu', 'o4q2mhgU'),
(14, 'http://dummyimage.com/222x100.png/cc0000/ffffff', 'triggd', 'Tessi Rigg', 'triggd@bigcartel.com', 'tdmp15tQTqDO'),
(15, 'http://dummyimage.com/226x100.png/cc0000/ffffff', 'amarikhine', 'Anet Marikhin', 'amarikhine@lycos.com', '88d7QnL'),
(16, 'http://dummyimage.com/109x100.png/ff4444/ffffff', 'jsmorthitf', 'Jobyna Smorthit', 'jsmorthitf@bloomberg.com', 'WkRfzvQ4FT'),
(17, 'http://dummyimage.com/200x100.png/ff4444/ffffff', 'aberrigang', 'Aubrie Berrigan', 'aberrigang@china.com.cn', 'pRaEjZl76LT'),
(18, 'http://dummyimage.com/207x100.png/ff4444/ffffff', 'ecolleerh', 'Edgar Colleer', 'ecolleerh@walmart.com', 'ND9pt2'),
(19, 'http://dummyimage.com/106x100.png/5fa2dd/ffffff', 'wwalchi', 'Willie Walch', 'wwalchi@tuttocitta.it', 'a5hVEZ8bb'),
(20, 'http://dummyimage.com/173x100.png/ff4444/ffffff', 'mfostonj', 'Major Foston', 'mfostonj@nih.gov', 'LqXXwvDt'),
(21, 'http://dummyimage.com/123x100.png/5fa2dd/ffffff', 'fsextonek', 'Felicle Sextone', 'fsextonek@bigcartel.com', 'BHdz1JIA5eFS'),
(22, 'http://dummyimage.com/249x100.png/dddddd/000000', 'mizkoviczl', 'Mordecai Izkovicz', 'mizkoviczl@oaic.gov.au', 'zbCl4Me'),
(23, 'http://dummyimage.com/139x100.png/dddddd/000000', 'slem', 'Sue Le Guin', 'slem@timesonline.co.uk', '1bzmdjLr'),
(24, 'http://dummyimage.com/102x100.png/ff4444/ffffff', 'aboijn', 'Ardyce Boij', 'aboijn@163.com', 'X6luKXfwXNYR'),
(25, 'http://dummyimage.com/137x100.png/ff4444/ffffff', 'lsto', 'Lothaire St Clair', 'lsto@trellian.com', 'fu9JXW56A'),
(26, 'http://dummyimage.com/175x100.png/5fa2dd/ffffff', 'dambrosettip', 'Delmar Ambrosetti', 'dambrosettip@cocolog-nifty.com', '0QJv4f8Zq9qh'),
(27, 'http://dummyimage.com/232x100.png/cc0000/ffffff', 'lpoynserq', 'Lauralee Poynser', 'lpoynserq@purevolume.com', '8eOQcsW'),
(28, 'http://dummyimage.com/104x100.png/5fa2dd/ffffff', 'skielyr', 'Sisile Kiely', 'skielyr@goo.ne.jp', 'Oc4jwgcK'),
(29, 'http://dummyimage.com/113x100.png/ff4444/ffffff', 'jferrarins', 'Jareb Ferrarin', 'jferrarins@nbcnews.com', 'tnF6TWe8'),
(30, 'http://dummyimage.com/172x100.png/dddddd/000000', 'apawlaczykt', 'Antonino Pawlaczyk', 'apawlaczykt@cnn.com', 'q0O2ooOjM'),
(31, 'http://dummyimage.com/241x100.png/cc0000/ffffff', 'jbadiniu', 'Jethro Badini', 'jbadiniu@dmoz.org', 'Sxg2PFZ55m'),
(32, 'http://dummyimage.com/134x100.png/dddddd/000000', 'cstubbesv', 'Corenda Stubbes', 'cstubbesv@fda.gov', 'wowQ5IU2MN2H'),
(33, 'http://dummyimage.com/232x100.png/cc0000/ffffff', 'zdukesw', 'Zilvia Dukes', 'zdukesw@sfgate.com', 'VeUeBO8s839'),
(34, 'http://dummyimage.com/186x100.png/dddddd/000000', 'mhoopperx', 'Mortie Hoopper', 'mhoopperx@marriott.com', 'GhLfKx'),
(35, 'http://dummyimage.com/121x100.png/5fa2dd/ffffff', 'kquinnellyy', 'Kalli Quinnelly', 'kquinnellyy@archive.org', 'hKRXesa5S'),
(36, 'http://dummyimage.com/194x100.png/dddddd/000000', 'jmacsporranz', 'Jeffy MacSporran', 'jmacsporranz@webnode.com', 'IyNMzjd'),
(37, 'http://dummyimage.com/238x100.png/cc0000/ffffff', 'gdegnen10', 'Georgia Degnen', 'gdegnen10@friendfeed.com', 'AUhBGD3F'),
(38, 'http://dummyimage.com/151x100.png/ff4444/ffffff', 'mmurrells11', 'Milka Murrells', 'mmurrells11@google.pl', '0gqlsEhBX'),
(39, 'http://dummyimage.com/181x100.png/cc0000/ffffff', 'lwadhams12', 'Laraine Wadhams', 'lwadhams12@ca.gov', 'lKlxI43vUOB6'),
(40, 'http://dummyimage.com/151x100.png/dddddd/000000', 'vfranscioni13', 'Virgilio Franscioni', 'vfranscioni13@arstechnica.com', 'L8hAXA'),
(41, 'http://dummyimage.com/107x100.png/cc0000/ffffff', 'bcorkel14', 'Betty Corkel', 'bcorkel14@ucoz.ru', 'Iww0OJHbq'),
(42, 'http://dummyimage.com/229x100.png/cc0000/ffffff', 'jdunn15', 'Jania Dunn', 'jdunn15@nbcnews.com', 'uEXqSqCUN'),
(43, 'http://dummyimage.com/225x100.png/cc0000/ffffff', 'bmouatt16', 'Benedick Mouatt', 'bmouatt16@addthis.com', 'MWoHIId'),
(44, 'http://dummyimage.com/216x100.png/dddddd/000000', 'dtwaite17', 'Dilly Twaite', 'dtwaite17@trellian.com', 'hVvpnhFsPImx'),
(45, 'http://dummyimage.com/144x100.png/cc0000/ffffff', 'challowell18', 'Christophorus Hallowell', 'challowell18@umn.edu', 'HQTBkY1bu2'),
(46, 'http://dummyimage.com/168x100.png/5fa2dd/ffffff', 'tabeau19', 'Tiphani Abeau', 'tabeau19@prnewswire.com', 'YGFnCVNSYPu'),
(47, 'http://dummyimage.com/105x100.png/ff4444/ffffff', 'bbatrip1a', 'Bryana Batrip', 'bbatrip1a@wp.com', 'boCAOd8qW4t4'),
(48, 'http://dummyimage.com/104x100.png/cc0000/ffffff', 'smaciaszek1b', 'Suzann Maciaszek', 'smaciaszek1b@behance.net', 'rXJgt8CJeU'),
(49, 'http://dummyimage.com/172x100.png/ff4444/ffffff', 'cdrakers1c', 'Creighton Drakers', 'cdrakers1c@vinaora.com', 'ivZYglUq5x'),
(50, 'http://dummyimage.com/125x100.png/5fa2dd/ffffff', 'dmenel1d', 'Dulci Menel', 'dmenel1d@stumbleupon.com', 'V1aWLx'),
(51, 'http://dummyimage.com/192x100.png/ff4444/ffffff', 'lsterndale1e', 'Luz Sterndale', 'lsterndale1e@google.fr', 'E6dPaV'),
(52, 'http://dummyimage.com/163x100.png/ff4444/ffffff', 'mde1f', 'Marya De Blasi', 'mde1f@cdc.gov', 'btL58NQPfkn2'),
(53, 'http://dummyimage.com/245x100.png/dddddd/000000', 'cliepins1g', 'Conant Liepins', 'cliepins1g@moonfruit.com', 'C4flT3l8y'),
(54, 'http://dummyimage.com/214x100.png/cc0000/ffffff', 'ljewes1h', 'Lilla Jewes', 'ljewes1h@so-net.ne.jp', '05pi2v'),
(55, 'http://dummyimage.com/187x100.png/dddddd/000000', 'aetock1i', 'Anabelle Etock', 'aetock1i@ucoz.com', 'qCy13TB80'),
(56, 'http://dummyimage.com/103x100.png/5fa2dd/ffffff', 'flafranconi1j', 'Frayda Lafranconi', 'flafranconi1j@w3.org', 'oDSnyjtiif'),
(57, 'http://dummyimage.com/144x100.png/cc0000/ffffff', 'hryland1k', 'Hedi Ryland', 'hryland1k@chronoengine.com', 'LlpmVcey'),
(58, 'http://dummyimage.com/140x100.png/5fa2dd/ffffff', 'btippetts1l', 'Beatriz Tippetts', 'btippetts1l@sun.com', 'wPeAg5OYri'),
(59, 'http://dummyimage.com/219x100.png/5fa2dd/ffffff', 'bantoinet1m', 'Beverlee Antoinet', 'bantoinet1m@blinklist.com', 'LvECFoa3PV'),
(60, 'http://dummyimage.com/200x100.png/dddddd/000000', 'rquarless1n', 'Rustin Quarless', 'rquarless1n@huffingtonpost.com', 'oG3aGXRsmC'),
(61, 'http://dummyimage.com/220x100.png/5fa2dd/ffffff', 'flittell1o', 'Filberto Littell', 'flittell1o@phpbb.com', 'zsJjnVcXh0j'),
(62, 'http://dummyimage.com/149x100.png/dddddd/000000', 'cbarby1p', 'Cherie Barby', 'cbarby1p@deviantart.com', 'Ke5E2omIr'),
(63, 'http://dummyimage.com/246x100.png/ff4444/ffffff', 'mjamary1q', 'Melania Jamary', 'mjamary1q@pagesperso-orange.fr', 'rnwE8DmD4n'),
(64, 'http://dummyimage.com/224x100.png/dddddd/000000', 'pclandillon1r', 'Philippe Clandillon', 'pclandillon1r@mail.ru', 'mifnARc'),
(65, 'http://dummyimage.com/188x100.png/cc0000/ffffff', 'mmurgatroyd1s', 'Melesa Murgatroyd', 'mmurgatroyd1s@amazonaws.com', 'Lfu3BXr'),
(66, 'http://dummyimage.com/225x100.png/ff4444/ffffff', 'mbeddon1t', 'Mariel Beddon', 'mbeddon1t@squarespace.com', 'hmqJXCU6'),
(67, 'http://dummyimage.com/101x100.png/cc0000/ffffff', 'washbee1u', 'Warren Ashbee', 'washbee1u@patch.com', '7W5oygBdWdOA'),
(68, 'http://dummyimage.com/200x100.png/ff4444/ffffff', 'ckyd1v', 'Chic Kyd', 'ckyd1v@engadget.com', 'du1j3qxzj4'),
(69, 'http://dummyimage.com/162x100.png/cc0000/ffffff', 'dnoye1w', 'Debera Noye', 'dnoye1w@economist.com', 'SEAX1Cw'),
(70, 'http://dummyimage.com/196x100.png/5fa2dd/ffffff', 'rhorsefield1x', 'Raff Horsefield', 'rhorsefield1x@phpbb.com', '5QLtCuYp4oF'),
(71, 'http://dummyimage.com/157x100.png/5fa2dd/ffffff', 'pbarrowcliffe1y', 'Parsifal Barrowcliffe', 'pbarrowcliffe1y@t-online.de', '84vVNKnhz8'),
(72, 'http://dummyimage.com/148x100.png/ff4444/ffffff', 'udorwood1z', 'Ulberto Dorwood', 'udorwood1z@mashable.com', 'qSa5YIal'),
(73, 'http://dummyimage.com/108x100.png/ff4444/ffffff', 'msaiens20', 'Marwin Saiens', 'msaiens20@hugedomains.com', 'sz8ReOIn'),
(74, 'http://dummyimage.com/133x100.png/ff4444/ffffff', 'rdeluze21', 'Roley Deluze', 'rdeluze21@opera.com', 'WDuePVh3K9Ht'),
(75, 'http://dummyimage.com/118x100.png/cc0000/ffffff', 'rsherratt22', 'Rosmunda Sherratt', 'rsherratt22@weather.com', 'YTUnyBetqKL'),
(76, 'http://dummyimage.com/125x100.png/dddddd/000000', 'cbolter23', 'Cornelle Bolter', 'cbolter23@usnews.com', 'wcomCAP'),
(77, 'http://dummyimage.com/138x100.png/5fa2dd/ffffff', 'sperfili24', 'Samaria Perfili', 'sperfili24@techcrunch.com', 'OUHyxRU'),
(78, 'http://dummyimage.com/191x100.png/ff4444/ffffff', 'gdyche25', 'Ginnie Dyche', 'gdyche25@reuters.com', 'v07bts2'),
(79, 'http://dummyimage.com/176x100.png/ff4444/ffffff', 'pgammill26', 'Paco Gammill', 'pgammill26@google.com.au', 'itvEhh'),
(80, 'http://dummyimage.com/129x100.png/dddddd/000000', 'acornhill27', 'Alina Cornhill', 'acornhill27@fc2.com', 'OLsWLLzpSCtG'),
(81, 'http://dummyimage.com/153x100.png/ff4444/ffffff', 'owilson28', 'Olivero Wilson', 'owilson28@geocities.jp', 'Xd02mQqRuUry'),
(82, 'http://dummyimage.com/173x100.png/dddddd/000000', 'bbaudry29', 'Brad Baudry', 'bbaudry29@symantec.com', 'WFqmrKtn'),
(83, 'http://dummyimage.com/222x100.png/dddddd/000000', 'mgetch2a', 'Marshal Getch', 'mgetch2a@youtu.be', 'nCFwDKg'),
(84, 'http://dummyimage.com/248x100.png/ff4444/ffffff', 'mpatrie2b', 'Myer Patrie', 'mpatrie2b@ox.ac.uk', 'V42i55Oe'),
(85, 'http://dummyimage.com/157x100.png/5fa2dd/ffffff', 'gblabie2c', 'Gaspard Blabie', 'gblabie2c@jimdo.com', 'geh4G6iDNKN'),
(86, 'http://dummyimage.com/149x100.png/5fa2dd/ffffff', 'gsylvester2d', 'Giffie Sylvester', 'gsylvester2d@utexas.edu', '4sqIqR8YjvQ'),
(87, 'http://dummyimage.com/206x100.png/cc0000/ffffff', 'dstotherfield2e', 'Debora Stotherfield', 'dstotherfield2e@icq.com', 'Cvghjk5'),
(88, 'http://dummyimage.com/112x100.png/cc0000/ffffff', 'skleen2f', 'Sheela Kleen', 'skleen2f@symantec.com', 'N5MudgViLuG'),
(89, 'http://dummyimage.com/132x100.png/dddddd/000000', 'rcuolahan2g', 'Roscoe Cuolahan', 'rcuolahan2g@soundcloud.com', 'hzVM4jzjFkut'),
(90, 'http://dummyimage.com/229x100.png/5fa2dd/ffffff', 'lgreder2h', 'Leelah Greder', 'lgreder2h@zdnet.com', 'zoZm8OzE0Z'),
(91, 'http://dummyimage.com/198x100.png/dddddd/000000', 'lwray2i', 'Lauretta Wray', 'lwray2i@php.net', '1BJtVQDw'),
(92, 'http://dummyimage.com/210x100.png/cc0000/ffffff', 'mklaassens2j', 'Montgomery Klaassens', 'mklaassens2j@freewebs.com', 'iEU3u744OeGg'),
(93, 'http://dummyimage.com/136x100.png/cc0000/ffffff', 'jchaucer2k', 'Joli Chaucer', 'jchaucer2k@java.com', 'JmhZSD0EH'),
(94, 'http://dummyimage.com/135x100.png/cc0000/ffffff', 'fmacbane2l', 'Filide Macbane', 'fmacbane2l@blog.com', 'TAIJd2sRb9jM'),
(95, 'http://dummyimage.com/142x100.png/5fa2dd/ffffff', 'mfettes2m', 'Maisey Fettes', 'mfettes2m@twitter.com', 'FWwVuX3zWKrn'),
(96, 'http://dummyimage.com/182x100.png/dddddd/000000', 'jbullus2n', 'Jarret Bullus', 'jbullus2n@stumbleupon.com', 'wjVW1up'),
(97, 'http://dummyimage.com/153x100.png/ff4444/ffffff', 'zalmond2o', 'Zaria Almond', 'zalmond2o@dmoz.org', '0r01zvnFf'),
(98, 'http://dummyimage.com/101x100.png/5fa2dd/ffffff', 'hgoodenough2p', 'Hilliard Goodenough', 'hgoodenough2p@theglobeandmail.com', 'cXbSIGV0'),
(99, 'http://dummyimage.com/115x100.png/ff4444/ffffff', 'kjentzsch2q', 'Kimberly Jentzsch', 'kjentzsch2q@globo.com', 'EaOpHIRnpB'),
(100, 'http://dummyimage.com/130x100.png/5fa2dd/ffffff', 'smattersley2r', 'Sig Mattersley', 'smattersley2r@google.it', 'MkVFVm'),
(118, '1620309376595d3bb21b2-9313-4f4d-9cd7-be677f095b16.jpg', 'paco', 'garcia', 'blabla@asd.com8', '$2b$10$i.C4jdJglUEmOVvx3W1Tkuo6bNnI.gC9qedqEjGG3VIJNVYEZdhNu'),
(119, '16203853419178ecb41f8-81dc-4534-b513-e7551a9ef43b.jpg', 'Jhon', 'Doe', 'jonh.doe@doe2.com', '$2b$10$tVwdG.uoFgzHSqe/4SU2bOeKsxsl7LluWaNGRDcKOHzB6Sce1oHMS'),
(120, '1621854016253b8074a0d-8417-41ed-a448-bc9071b82679.jpg', 'Jhon', 'Doe', 'blabla@asd.com', '$2b$10$addplSV2.kQlby4BNiJZfeVSGOtJSFUNhzB8uTp1Te7HbEIWyi1ai'),
(122, NULL, 'John', 'Doe', 'jonh@doe.com', '$2b$10$3bG2TgrEBN0RiNhPCkUlX.yPKQ1EJSLEsQt/pL9IiqHigLMxvkzNi'),
(123, '1622046877335b86ccf97-e83c-497f-9df8-d9341bea031e.jpg', 'Paco', 'Garcia', 'hey@hey.com', '$2b$10$4bgkHuyO35jSSthh6ejS8ehmwnNcGAKil9/JpnWqJlrQfKUED.O.q');

--
-- Índices para tablas volcadas
--

--
-- Indices de la tabla `assistance`
--
ALTER TABLE `assistance`
  ADD PRIMARY KEY (`user_id`,`event_id`),
  ADD KEY `event_id` (`event_id`);

--
-- Indices de la tabla `events`
--
ALTER TABLE `events`
  ADD PRIMARY KEY (`id`),
  ADD KEY `owner_id` (`owner_id`);

--
-- Indices de la tabla `friends`
--
ALTER TABLE `friends`
  ADD PRIMARY KEY (`user_id`,`user_id_friend`),
  ADD KEY `user_id_friend` (`user_id_friend`);

--
-- Indices de la tabla `messages`
--
ALTER TABLE `messages`
  ADD PRIMARY KEY (`id`),
  ADD KEY `user_id_send` (`user_id_send`),
  ADD KEY `user_id_recived` (`user_id_recived`);

--
-- Indices de la tabla `users`
--
ALTER TABLE `users`
  ADD PRIMARY KEY (`id`),
  ADD UNIQUE KEY `email` (`email`);

--
-- AUTO_INCREMENT de las tablas volcadas
--

--
-- AUTO_INCREMENT de la tabla `assistance`
--
ALTER TABLE `assistance`
  MODIFY `user_id` int(10) UNSIGNED NOT NULL AUTO_INCREMENT, AUTO_INCREMENT=101;

--
-- AUTO_INCREMENT de la tabla `events`
--
ALTER TABLE `events`
  MODIFY `id` int(10) UNSIGNED NOT NULL AUTO_INCREMENT, AUTO_INCREMENT=101;

--
-- AUTO_INCREMENT de la tabla `messages`
--
ALTER TABLE `messages`
  MODIFY `id` int(16) UNSIGNED NOT NULL AUTO_INCREMENT, AUTO_INCREMENT=501;

--
-- AUTO_INCREMENT de la tabla `users`
--
ALTER TABLE `users`
  MODIFY `id` int(10) UNSIGNED NOT NULL AUTO_INCREMENT, AUTO_INCREMENT=124;

--
-- Restricciones para tablas volcadas
--

--
-- Filtros para la tabla `assistance`
--
ALTER TABLE `assistance`
  ADD CONSTRAINT `assistance_ibfk_1` FOREIGN KEY (`user_id`) REFERENCES `users` (`id`),
  ADD CONSTRAINT `assistance_ibfk_2` FOREIGN KEY (`event_id`) REFERENCES `events` (`id`);

--
-- Filtros para la tabla `events`
--
ALTER TABLE `events`
  ADD CONSTRAINT `events_ibfk_1` FOREIGN KEY (`owner_id`) REFERENCES `users` (`id`);

--
-- Filtros para la tabla `friends`
--
ALTER TABLE `friends`
  ADD CONSTRAINT `friends_ibfk_1` FOREIGN KEY (`user_id`) REFERENCES `users` (`id`),
  ADD CONSTRAINT `friends_ibfk_2` FOREIGN KEY (`user_id_friend`) REFERENCES `users` (`id`);

--
-- Filtros para la tabla `messages`
--
ALTER TABLE `messages`
  ADD CONSTRAINT `messages_ibfk_1` FOREIGN KEY (`user_id_send`) REFERENCES `users` (`id`),
  ADD CONSTRAINT `messages_ibfk_2` FOREIGN KEY (`user_id_recived`) REFERENCES `users` (`id`);
COMMIT;

/*!40101 SET CHARACTER_SET_CLIENT=@OLD_CHARACTER_SET_CLIENT */;
/*!40101 SET CHARACTER_SET_RESULTS=@OLD_CHARACTER_SET_RESULTS */;
/*!40101 SET COLLATION_CONNECTION=@OLD_COLLATION_CONNECTION */;
